0,0,0,1,0,0,0,0,0,0,0,0,1,0,0,0,1,1,0,1,1,1.91532356288066
0,0,1,0,0,0,0,0,0,0,0,0,0,0,0,0,0,0,0,1,1,1.37585414404788
1,0,1,0,0,0,0,0,0,0,0,0,0,1,0,0,0,0,0,1,1,1.51453461242585
1,0,1,0,0,0,0,0,0,0,0,0,0,0,0,0,1,0,0,1,1,1.54676448206732
1,0,0,1,0,0,0,0,0,0,0,0,0,0,0,0,0,0,0,1,1,1.37662934482872
1,0,1,0,0,0,0,1,0,0,0,1,0,0,0,0,1,0,0,1,1,1.85827996062966
0,1,1,0,0,0,0,0,0,0,0,0,0,0,0,0,1,0,1,1,1,1.82194554052406
0,1,0,0,0,0,0,0,0,0,0,0,0,0,0,0,0,0,0,1,1,1.4630483391057
0,1,0,0,0,0,0,0,0,0,0,0,0,0,0,0,0,0,0,1,1,1.4630483391057
0,1,1,0,0,0,0,0,0,0,0,0,0,1,1,0,0,0,1,1,1,1.3318267261292
0,0,0,1,0,0,0,0,0,0,0,1,0,0,0,0,0,0,0,1,1,1.83380466878126
0,1,1,0,0,0,0,0,0,0,0,0,0,1,0,0,0,0,0,1,1,1.74108214897154
0,0,1,0,0,0,0,0,0,0,0,0,0,0,0,0,0,0,0,1,1,1.37585414404788
0,0,1,0,1,0,0,0,0,0,0,0,0,0,0,0,0,0,0,1,1,1.46652286754293
0,1,0,1,1,0,0,0,0,0,0,0,0,0,0,0,0,0,0,1,1,1.69384560486947
0,0,0,0,0,0,0,1,1,0,0,0,0,0,0,0,0,0,0,1,1,1.72707230678157
0,0,1,0,0,0,0,1,0,0,0,0,0,0,0,0,0,0,1,1,1,1.33319550768155
0,1,1,0,0,0,0,1,0,0,0,0,0,0,0,0,1,0,0,1,1,1.68201986033563
0,0,1,0,0,1,0,0,0,0,0,0,0,0,0,0,0,0,0,1,1,0.95506953120002
0,1,0,0,0,0,0,0,0,0,0,0,0,1,0,0,0,0,1,1,1,1.70473001650755
0,1,0,0,0,0,0,1,0,0,0,1,0,0,0,0,0,1,0,1,1,1.65976617469441
0,1,0,1,1,0,0,0,1,0,0,0,0,0,0,0,1,0,0,1,1,2.44661960538785
0,1,1,0,0,0,0,0,1,0,0,0,0,0,0,0,0,1,1,1,1,2.00936584780429
0,0,0,0,0,1,0,0,0,0,0,0,0,0,0,0,1,0,0,1,1,1.09536190195724
0,1,0,1,0,0,0,0,0,1,0,0,0,1,0,0,0,0,0,1,1,1.56085473651106
0,1,1,0,0,0,0,0,0,0,0,0,0,0,0,0,0,0,1,1,1,1.59666751539179
1,0,1,0,0,0,0,0,1,0,0,1,0,0,0,0,0,0,0,1,1,2.25179006916089
0,0,0,0,0,0,0,0,0,0,0,0,0,1,0,0,1,1,0,1,1,1.59439702732228
0,1,1,0,0,0,1,0,1,0,0,0,0,1,0,0,1,0,0,1,1,2.37900523486501
0,0,0,0,0,0,0,1,0,0,0,0,0,0,0,0,1,0,0,1,1,1.42485435652773
0,1,0,1,0,0,0,0,1,0,0,0,0,1,0,0,0,0,0,1,1,2.32372101225132
0,1,0,1,0,0,0,0,1,1,0,0,0,0,0,0,1,0,0,1,1,2.12058058153865
0,0,0,1,0,0,0,0,1,0,0,0,0,0,0,0,0,0,0,1,1,1.95849300732766
0,0,1,0,0,0,1,0,0,0,0,0,0,0,0,0,0,1,0,1,1,1.14620558644934
1,0,0,1,0,0,0,0,1,0,0,1,0,0,0,0,1,1,1,1,1,2.46604686112425
1,0,1,0,0,0,0,1,0,0,0,1,0,0,0,0,1,0,0,1,1,1.85827996062966
0,1,1,0,0,0,0,0,0,0,0,0,0,0,0,0,0,0,0,1,1,1.54803399348074
0,1,1,0,0,0,0,0,1,0,0,0,0,0,0,0,0,0,0,1,1,2.07552996886686
1,0,1,0,0,0,0,0,1,0,0,0,0,0,0,0,1,0,1,1,1,2.12289397936449
0,1,0,0,0,0,0,0,0,0,0,0,0,0,0,0,0,0,0,1,1,1.4630483391057
0,0,0,0,1,0,0,1,0,0,0,0,0,0,0,0,0,0,0,1,1,1.29024505489052
0,0,0,0,0,0,0,0,0,0,0,0,1,0,0,0,0,0,0,1,1,1.66471463845331
0,1,0,0,0,0,0,1,0,0,0,0,0,0,0,0,1,0,0,1,1,1.59703420596059
1,0,1,0,0,0,0,0,0,0,0,0,0,1,0,0,0,0,1,1,1,1.5631681343369
1,0,0,0,0,0,0,0,0,0,0,0,0,0,0,0,0,0,0,1,1,1.23650080256001
0,0,1,0,0,0,0,0,0,0,0,0,0,0,0,0,0,1,0,1,1,1.26105650107425
0,1,0,0,0,0,0,0,0,0,0,0,0,0,0,1,1,0,0,1,1,2.14509877057052
0,0,1,0,0,0,0,0,0,0,0,0,0,0,0,1,0,1,0,1,1,1.71782890740681
1,0,0,0,0,0,0,1,0,0,0,0,0,1,0,0,0,0,1,1,1,1.38689032168448
1,0,1,0,0,0,0,0,0,0,0,0,0,1,0,0,1,0,0,1,1,1.73981263755812
0,0,1,0,0,0,0,0,0,0,0,0,1,0,0,0,0,0,1,1,1,1.79833381473941
0,1,0,1,0,0,0,1,0,0,0,0,0,0,1,0,0,0,0,1,1,1.05399577834364
1,0,1,0,0,0,0,1,0,0,0,0,0,0,0,0,1,0,1,1,1,1.504105845701
0,0,1,0,0,0,0,0,0,0,0,0,0,0,0,0,1,0,0,1,1,1.60113216918015
0,1,1,0,0,0,0,1,0,0,0,0,1,0,0,0,0,0,0,1,1,1.83058798398384
1,0,0,0,0,0,0,1,0,0,0,0,0,0,0,0,0,0,1,1,1,1.19384216619369
1,0,0,1,0,0,0,1,1,0,0,0,0,0,0,0,1,0,0,1,1,2.03811118706973
1,0,0,0,0,0,0,0,1,0,0,1,0,0,0,0,0,0,0,1,1,2.16680441478584
0,1,0,0,0,0,0,0,1,0,0,0,0,0,0,0,0,0,0,1,1,1.99054431449182
0,1,0,0,0,0,0,1,1,0,0,0,0,0,0,0,0,0,0,1,1,1.89925215621444
1,0,0,1,0,1,0,0,0,0,0,0,0,0,1,0,0,0,0,1,0,-0.502044212772532
1,0,1,0,0,0,0,0,0,0,0,0,0,0,1,0,0,1,1,1,0,-0.20256660888091
0,0,0,0,0,0,0,0,0,0,0,0,0,0,0,0,0,1,0,1,0,0.176070846699211
0,0,1,0,0,0,0,0,0,0,0,0,0,0,1,0,0,0,0,1,0,-0.0820348007055162
1,0,1,0,0,0,0,0,0,0,0,0,0,0,0,0,0,0,0,1,0,0.321486456935055
0,1,0,0,0,0,0,0,0,0,0,0,0,0,1,0,0,1,0,1,0,-0.109638248621318
0,0,0,0,0,0,0,0,0,0,0,0,0,0,1,0,0,1,0,1,0,-0.281818098054183
0,1,1,0,0,1,0,0,0,0,0,0,0,0,0,0,0,0,0,1,0,0.127249380632885
0,0,0,1,0,0,0,0,0,0,0,0,0,0,0,0,0,1,0,1,0,0.31619938896792
1,0,1,0,0,0,0,0,0,0,0,0,0,0,0,0,0,0,0,1,0,0.321486456935055
0,0,0,1,0,0,0,0,0,0,0,0,0,0,0,0,0,0,0,1,0,0.430997031941543
0,1,1,0,0,1,0,0,0,0,0,0,0,0,0,0,0,0,0,1,0,0.127249380632885
0,1,0,1,0,0,0,0,0,0,0,0,0,0,0,0,0,0,0,1,0,0.603176881374408
1,0,1,0,0,0,0,0,0,0,0,0,0,0,0,0,1,0,0,1,0,0.546764482067322
0,0,0,0,0,0,0,0,0,0,0,0,0,0,0,0,0,1,0,1,0,0.176070846699211
0,0,1,0,0,1,1,0,0,0,0,0,0,0,0,0,0,1,0,1,0,-0.274579026398519
1,0,0,0,0,1,0,0,0,0,0,0,0,0,0,0,0,0,0,1,0,-0.184283810287846
0,0,1,0,0,0,0,0,0,0,0,0,0,0,1,0,0,1,1,1,0,-0.148198921768087
0,0,1,0,0,0,0,0,0,0,0,0,0,0,0,0,0,1,0,1,0,0.261056501074255
0,1,0,0,0,1,0,0,0,0,0,0,0,0,0,0,0,0,0,1,0,0.0422637262578417
1,0,1,0,0,0,0,0,0,0,0,0,0,0,1,0,0,0,0,1,0,-0.136402487818339
1,0,1,0,0,0,0,0,0,0,0,0,0,0,0,0,0,1,0,1,0,0.206688813961432
1,0,0,1,0,0,0,0,0,0,0,0,0,0,0,0,0,1,0,1,0,0.261831701855097
1,0,1,0,0,0,0,0,0,0,0,0,0,0,0,0,0,0,0,1,0,0.321486456935055
0,1,0,0,0,0,0,0,0,0,0,0,0,0,0,0,0,0,0,1,0,0.463048339105699
1,0,1,0,0,0,0,0,0,0,0,0,0,0,0,0,0,0,0,1,0,0.321486456935055
0,0,1,0,0,0,0,0,0,0,0,0,0,0,0,0,1,0,0,1,0,0.601132169180145
0,0,0,0,0,0,0,0,0,0,0,0,0,0,0,0,0,0,0,1,0,0.290868489672834
1,0,0,1,0,0,0,0,0,0,0,0,0,0,0,0,0,0,1,1,0,0.425262866739772
1,0,0,0,0,0,0,0,0,0,0,0,0,0,1,0,0,0,0,1,0,-0.221388142193383
0,1,0,1,0,0,0,0,0,0,0,0,0,0,0,0,0,0,0,1,0,0.603176881374408
0,0,1,0,0,1,0,0,0,0,0,0,0,0,0,0,0,0,0,1,0,-0.0449304687999798
0,0,1,0,0,0,0,0,0,0,0,0,0,0,0,0,0,0,0,1,0,0.375854144047878
1,0,0,1,0,0,0,0,0,0,0,0,0,0,0,0,0,0,0,1,0,0.37662934482872
0,1,0,0,0,1,0,0,0,0,0,0,0,0,0,0,0,0,0,1,0,0.0422637262578417
1,0,1,0,0,0,1,0,0,0,0,0,0,0,0,0,1,1,0,1,0,0.317115924468783
1,0,1,0,0,1,1,0,0,0,0,1,0,0,0,0,0,0,0,1,0,0.188658566301995
1,0,1,0,0,0,0,0,0,0,0,0,0,0,1,0,0,0,0,1,0,-0.136402487818339
0,0,0,1,0,0,1,0,0,0,0,0,0,0,0,0,0,0,0,1,0,0.316146117316627
1,0,0,0,0,1,1,0,0,0,0,0,0,0,1,0,0,0,0,1,0,-0.757023669666156
0,1,1,0,0,0,0,0,0,0,0,0,0,0,0,0,0,1,0,1,0,0.43323635050712
1,0,0,1,0,1,0,0,0,0,0,0,0,0,0,0,0,0,0,1,0,-0.0441552680191377
0,1,1,0,0,0,0,0,0,0,0,0,0,0,0,0,0,0,0,1,0,0.548033993480743
0,0,1,0,0,0,0,0,0,0,0,0,0,0,0,0,0,0,0,1,0,0.375854144047878
0,0,0,0,0,0,0,0,0,0,0,0,0,0,0,0,0,0,0,1,0,0.290868489672834
0,0,1,0,0,1,0,0,0,0,0,0,0,0,0,0,0,0,0,1,0,-0.0449304687999798
0,1,1,0,0,0,1,0,0,0,0,0,0,0,0,0,0,0,0,1,0,0.433183078855827
1,0,1,0,0,1,0,0,0,0,0,0,0,0,0,0,0,1,0,1,0,-0.214095798886426
1,0,0,1,0,0,0,0,0,0,0,0,0,0,0,0,0,0,0,1,0,0.37662934482872
0,0,1,0,0,0,0,0,0,0,0,0,0,0,0,0,0,1,0,1,0,0.261056501074255
1,0,0,0,0,0,0,0,0,0,0,0,0,1,0,0,0,0,0,1,0,0.429548958050808
1,0,1,0,0,0,1,0,0,0,0,0,0,0,0,0,0,0,0,1,0,0.206635542310139
1,0,1,0,0,1,0,0,0,0,0,0,0,0,0,0,0,1,0,1,0,-0.214095798886426
1,0,1,0,0,0,0,0,0,0,0,0,0,0,0,0,0,1,0,1,0,0.206688813961432
0,0,0,0,0,0,0,0,0,0,0,0,0,0,0,0,0,0,0,1,0,0.290868489672834
1,0,0,0,0,1,0,0,0,0,0,0,0,0,0,0,0,0,0,1,0,-0.184283810287846
1,0,1,0,0,0,0,0,0,0,0,0,0,0,0,0,0,1,0,1,0,0.206688813961432
0,0,1,0,0,0,0,0,0,0,0,0,0,0,0,0,0,1,1,1,0,0.309690022985307
0,1,0,0,0,0,0,0,0,0,0,0,0,0,0,0,0,0,0,1,0,0.463048339105699
1,0,0,1,0,0,1,0,0,0,0,1,0,1,0,0,0,1,0,1,0,0.742836579560692
0,0,1,0,0,1,1,0,0,0,0,0,0,0,0,0,0,0,0,1,0,-0.159781383424896
0,0,0,0,0,0,0,0,0,0,0,0,0,0,1,0,0,0,0,1,0,-0.16702045508056
0,1,0,1,0,0,0,0,0,0,0,0,0,0,0,0,0,0,0,1,0,0.603176881374408
0,0,1,0,0,1,1,0,0,0,0,0,0,0,0,0,0,1,0,1,0,-0.274579026398519
1,0,1,0,0,0,0,0,0,0,0,0,0,0,0,0,0,0,1,1,0,0.370119978846107
1,0,1,0,0,0,0,0,0,0,0,0,0,0,0,0,0,0,0,1,0,0.321486456935055
1,0,1,0,0,0,0,0,1,0,0,0,0,0,0,0,0,0,0,1,0,0.848982432321171
1,0,0,0,0,0,1,0,0,0,0,0,0,0,0,0,0,0,0,1,0,0.121649887935095
1,0,0,0,0,0,1,0,0,0,0,0,0,0,0,0,0,0,0,1,0,0.121649887935095
0,0,1,0,0,0,0,0,0,0,0,0,0,0,0,0,0,0,0,1,0,0.375854144047878
0,1,0,0,0,0,0,0,0,0,0,0,0,0,1,0,0,0,0,1,0,0.00515939435230528
1,0,0,1,0,0,0,0,0,0,0,0,0,0,0,0,1,0,0,1,0,0.601907369960987
1,0,1,0,0,0,1,0,0,0,0,0,0,0,1,0,0,0,0,1,0,-0.251253402443255
1,0,0,0,0,0,0,0,0,0,0,0,0,0,0,0,0,0,0,1,0,0.236500802560011
0,1,1,0,0,0,1,0,0,0,0,0,0,0,0,0,0,0,0,1,0,0.433183078855827
1,0,0,0,0,0,0,0,0,0,0,0,0,0,1,0,1,0,0,1,0,0.00388988293888493
1,0,1,0,0,1,0,0,0,0,0,0,0,0,1,0,0,0,0,1,0,-0.557187100666197
1,0,1,0,0,0,0,0,0,0,0,0,0,0,0,0,0,0,0,1,0,0.321486456935055
1,0,0,0,0,0,0,0,0,0,0,0,0,0,0,0,0,0,0,1,0,0.236500802560011
1,0,1,0,0,0,0,0,0,0,0,0,0,0,0,0,0,0,0,1,0,0.321486456935055
1,0,0,0,0,0,0,0,0,0,0,0,0,0,0,0,0,1,0,1,0,0.121703159586388
0,0,1,0,0,1,0,0,0,0,0,0,0,0,0,0,0,0,0,1,0,-0.0449304687999798
0,0,1,0,0,0,1,0,0,0,0,0,0,0,0,0,0,0,0,1,0,0.261003229422962
0,0,0,1,0,0,1,0,0,0,0,0,0,0,0,0,0,0,0,1,0,0.316146117316627
0,1,0,1,0,0,0,0,0,0,0,0,0,0,0,0,0,0,0,1,0,0.603176881374408
0,0,1,0,0,1,0,0,0,0,0,0,0,0,0,0,0,0,0,1,0,-0.0449304687999798
0,0,1,0,0,0,0,0,0,0,1,0,0,0,0,0,0,0,0,1,0,0.126024325902585
1,0,1,0,0,1,0,0,0,0,0,0,0,0,0,0,0,0,0,1,0,-0.0992981559128028
0,1,1,0,0,0,1,0,0,0,0,0,0,0,0,0,0,0,0,1,0,0.433183078855827
0,0,0,0,0,0,0,0,0,0,0,0,0,0,0,0,0,0,0,1,0,0.290868489672834
1,0,1,0,0,0,0,0,0,0,0,0,0,0,0,0,0,0,0,1,0,0.321486456935055
0,1,0,1,0,0,0,0,0,0,0,0,0,0,0,0,0,0,0,1,0,0.603176881374408
1,0,1,0,0,0,0,0,0,0,0,0,0,1,0,0,0,0,1,1,0,0.563168134336904
1,0,0,0,0,0,0,0,0,0,0,0,0,0,0,0,0,0,0,1,0,0.236500802560011
0,1,0,1,0,0,0,0,0,0,0,0,0,0,0,0,0,1,0,1,0,0.488379238400785
0,1,0,0,0,0,0,0,0,0,0,0,0,0,0,0,0,0,1,1,0,0.511681861016751
1,0,0,0,0,0,0,0,0,0,0,0,0,0,0,0,0,0,0,1,0,0.236500802560011
1,0,1,0,0,0,0,0,0,0,0,0,0,0,0,0,0,0,0,1,0,0.321486456935055
1,0,1,0,0,1,0,0,0,0,0,0,0,0,0,0,0,1,0,1,0,-0.214095798886426
1,0,0,0,0,0,1,0,0,0,0,0,0,0,0,0,0,1,0,1,0,0.00685224496147219
1,0,0,0,0,1,0,0,0,0,0,0,0,1,0,0,0,0,0,1,0,0.00876434520295066
1,0,0,0,0,0,0,0,0,0,0,0,0,0,0,0,0,0,0,1,0,0.236500802560011
1,0,1,0,0,1,1,0,0,0,0,0,0,0,0,0,0,0,0,1,0,-0.214149070537719
0,1,1,0,0,0,0,0,1,0,0,0,1,0,0,0,0,0,0,1,0,1.44937611764733
0,0,1,0,0,0,1,1,0,0,0,0,0,0,1,0,1,1,0,1,0,-0.177697491449163
1,0,1,0,0,0,0,0,0,0,0,0,0,0,0,0,0,1,0,1,0,0.206688813961432
0,1,1,0,0,0,0,0,0,0,0,0,0,0,0,0,0,0,0,1,0,0.548033993480743
0,1,0,1,0,0,0,0,0,0,0,0,0,0,0,0,0,1,0,1,0,0.488379238400785
0,0,0,1,0,0,0,0,0,0,0,0,0,0,0,0,0,0,0,1,0,0.430997031941543
0,0,0,0,0,0,1,0,0,0,0,0,0,0,0,0,0,0,0,1,0,0.176017575047918
0,0,0,1,0,0,0,0,0,0,0,0,0,0,0,0,0,0,0,1,0,0.430997031941543
0,0,0,0,0,0,0,0,0,0,0,0,0,0,0,0,0,0,0,1,0,0.290868489672834
0,1,1,0,0,0,0,1,0,0,0,0,0,0,0,0,0,0,0,1,0,0.456741835203367
1,0,1,0,0,0,0,0,0,0,0,0,0,0,0,0,0,0,0,1,0,0.321486456935055
1,0,0,1,0,1,1,0,1,0,0,0,0,1,0,0,0,1,0,1,0,0.446740305259237
0,1,0,0,0,0,0,0,0,0,0,0,0,0,1,0,0,1,0,1,0,-0.109638248621318
1,0,1,0,0,1,1,0,0,0,0,0,0,0,1,0,0,0,0,1,0,-0.672038015291113
0,1,1,0,0,0,0,0,0,0,0,0,0,0,0,0,0,0,0,1,0,0.548033993480743
0,1,0,0,0,0,0,0,0,0,0,0,0,0,0,0,0,0,0,1,0,0.463048339105699
0,0,0,0,0,0,0,0,0,0,0,0,0,0,0,0,0,0,0,1,0,0.290868489672834
0,1,0,1,0,0,0,0,0,0,0,0,0,0,0,0,0,0,0,1,0,0.603176881374408
1,0,1,0,0,0,0,0,0,0,0,0,0,0,0,0,0,0,0,1,0,0.321486456935055
1,0,0,1,0,0,1,0,0,0,0,0,0,0,0,0,0,1,0,1,0,0.146980787230181
1,0,1,0,0,0,0,0,0,0,0,1,0,0,0,0,0,1,0,1,0,0.609496450801145
0,0,0,1,0,0,0,0,0,0,0,0,0,0,0,0,0,0,0,1,0,0.430997031941543
0,0,0,0,0,0,0,0,0,0,0,0,0,0,0,0,0,0,0,1,0,0.290868489672834
0,0,0,1,0,0,0,0,0,0,0,0,0,0,1,0,0,0,0,1,0,-0.0268919128118511
0,1,0,0,0,1,0,0,0,0,0,0,0,0,1,0,0,0,0,1,0,-0.415625218495552
1,0,0,1,0,0,0,0,0,0,0,0,0,0,0,0,0,0,0,1,0,0.37662934482872
1,0,0,1,0,0,0,0,0,0,0,0,0,0,0,0,0,0,0,1,0,0.37662934482872
0,0,1,0,0,1,0,0,0,0,0,0,0,0,0,0,0,0,0,1,0,-0.0449304687999798
0,1,0,0,0,0,1,0,0,0,0,0,0,0,0,0,0,0,0,1,0,0.348197424480783
0,0,0,1,0,0,0,0,0,0,0,0,0,0,0,0,0,0,0,1,0,0.430997031941543
0,0,0,1,0,0,0,0,0,0,0,0,0,0,0,0,0,0,0,1,0,0.430997031941543
1,0,0,1,0,0,1,0,0,0,0,0,0,0,1,0,0,0,0,1,0,-0.19611051454959
0,0,0,0,0,0,1,0,0,0,0,0,0,0,0,0,0,0,0,1,0,0.176017575047918
0,0,0,1,0,0,0,0,0,0,0,0,0,0,0,0,0,0,0,1,0,0.430997031941543
0,0,0,1,0,1,0,0,0,0,0,0,0,0,0,0,0,0,0,1,0,0.0102124190936853
1,0,1,0,0,1,0,0,0,0,0,0,0,0,0,0,0,0,0,1,0,-0.0992981559128028
1,0,1,0,0,1,0,0,0,0,0,0,0,0,0,0,0,0,0,1,0,-0.0992981559128028
0,1,0,1,0,1,0,0,0,0,0,0,0,0,0,0,0,0,0,1,0,0.18239226852655
1,0,0,0,0,0,0,0,0,0,0,0,0,0,0,0,0,0,0,1,0,0.236500802560011
0,1,0,0,0,0,0,0,0,0,0,0,0,0,0,0,0,1,0,1,0,0.348250696132076
0,1,0,1,0,1,0,0,0,0,0,0,0,0,0,0,0,0,0,1,0,0.18239226852655
1,0,1,0,0,0,1,0,0,0,0,0,0,0,0,0,0,0,0,1,0,0.206635542310139
0,1,0,0,0,0,0,0,0,0,0,0,0,0,0,0,0,0,0,1,0,0.463048339105699
0,1,1,0,0,0,0,0,0,0,0,0,0,0,1,0,0,0,0,1,0,0.0901450487273489
0,1,1,0,0,0,1,0,0,0,0,0,0,0,1,0,0,1,0,1,0,-0.13950350887119
1,0,1,0,0,0,0,0,0,0,0,0,0,0,1,0,0,1,0,1,0,-0.251200130791962
0,0,0,1,0,0,1,0,0,0,0,0,0,0,0,0,0,0,0,1,0,0.316146117316627
1,0,0,0,0,1,0,0,0,0,0,0,0,0,0,0,0,0,0,1,0,-0.184283810287846
1,0,0,1,0,0,0,0,0,0,0,0,0,0,0,0,0,0,0,1,0,0.37662934482872
1,0,1,0,0,0,0,0,0,0,0,0,0,0,0,0,0,0,0,1,0,0.321486456935055
0,0,0,1,0,1,0,0,0,0,0,0,0,0,0,0,0,0,0,1,0,0.0102124190936853
1,0,0,1,0,1,0,0,0,0,0,0,0,0,0,0,1,0,0,1,0,0.18112275711313
1,0,0,0,0,0,0,0,0,0,0,0,0,0,0,0,0,1,0,1,0,0.121703159586388
1,0,0,0,0,0,0,0,0,0,0,0,0,0,0,0,0,0,0,1,0,0.236500802560011
0,0,1,0,0,1,1,0,0,0,0,0,0,1,1,0,0,0,0,1,0,-0.424622172687493
1,0,1,0,0,1,0,0,0,0,0,0,0,0,0,0,0,0,0,1,0,-0.0992981559128028
0,0,0,0,0,0,0,0,0,0,0,0,0,0,0,1,0,0,0,1,0,0.747640896005389
1,0,0,0,0,0,0,0,0,0,0,0,0,0,0,0,0,0,0,1,0,0.236500802560011
1,0,0,1,0,0,0,0,0,0,0,0,0,0,0,0,0,0,0,1,0,0.37662934482872
1,0,0,0,0,0,0,0,0,0,0,0,0,0,0,0,0,1,0,1,0,0.121703159586388
1,0,0,1,0,1,1,0,0,0,0,0,0,0,0,0,0,0,0,1,0,-0.159006182644054
1,0,1,0,0,1,0,0,0,0,0,0,0,0,0,0,0,0,0,1,0,-0.0992981559128028
1,0,0,1,0,0,1,0,0,0,0,0,0,0,1,0,0,0,0,1,0,-0.19611051454959
0,1,1,0,0,0,0,0,0,0,0,0,0,0,1,0,1,0,0,1,0,0.315423073859617
0,0,0,0,0,0,0,0,0,0,0,0,0,0,0,0,0,0,0,1,0,0.290868489672834
1,0,1,0,0,0,0,0,1,0,0,0,0,0,0,0,0,0,0,1,0,0.848982432321171
0,1,1,0,0,0,1,0,0,0,0,0,0,0,0,0,0,1,0,1,0,0.318385435882204
0,1,1,0,0,0,1,0,0,0,0,0,0,0,0,0,0,1,0,1,0,0.318385435882204
1,0,1,0,0,0,0,0,0,0,0,0,0,0,0,0,0,0,0,1,0,0.321486456935055
1,0,0,0,0,0,0,0,0,0,0,0,0,0,0,0,0,0,0,1,0,0.236500802560011
1,0,0,1,0,0,0,0,0,0,0,0,0,0,0,0,0,0,0,1,0,0.37662934482872
0,1,0,1,0,0,0,0,0,0,0,0,0,0,0,0,0,0,0,1,0,0.603176881374408
0,0,1,0,0,0,0,0,0,0,0,0,0,0,0,0,0,0,0,1,0,0.375854144047878
1,0,1,0,0,1,0,0,0,0,0,0,0,0,1,0,0,0,0,1,0,-0.557187100666197
1,0,0,1,0,1,0,0,0,0,0,0,0,0,0,0,0,0,1,1,0,0.00447825389191414
0,1,0,1,0,1,0,0,0,0,0,0,0,0,1,0,0,0,0,1,0,-0.275496676226844
0,1,0,0,0,0,0,0,0,0,0,0,0,0,0,0,0,0,0,1,0,0.463048339105699
1,0,0,1,0,0,0,0,0,0,0,1,0,0,0,0,0,1,0,1,0,0.664639338694811
1,0,0,0,0,0,1,0,0,0,0,0,0,0,0,0,0,0,0,1,0,0.121649887935095
1,0,0,1,0,0,0,0,0,0,0,0,0,0,0,0,0,0,0,1,0,0.37662934482872
1,0,0,0,0,0,0,0,0,0,0,1,0,0,1,0,0,0,0,1,0,0.181419494646331
0,0,0,0,0,0,0,0,0,0,0,0,0,0,0,0,0,0,0,1,0,0.290868489672834
0,1,1,0,0,0,0,0,0,0,0,0,0,0,0,0,0,0,0,1,0,0.548033993480743
1,0,0,1,0,1,1,0,0,0,0,0,0,0,0,0,0,0,0,1,0,-0.159006182644054
0,0,0,0,0,0,0,0,1,0,0,0,0,0,1,0,0,0,0,1,0,0.360475520305557
1,0,1,0,0,0,0,0,0,0,0,1,0,0,0,0,0,0,0,1,0,0.724294093774769
1,0,0,1,0,0,0,0,0,0,0,0,0,0,0,0,0,1,0,1,0,0.261831701855097
1,0,0,0,0,0,1,0,0,0,0,0,0,0,1,0,0,0,0,1,0,-0.336239056818299
1,0,0,1,0,0,0,0,0,0,0,0,0,0,0,0,0,0,0,1,0,0.37662934482872
0,1,0,0,0,1,0,0,0,0,0,0,0,0,0,0,0,0,0,1,0,0.0422637262578417
1,0,0,0,0,0,0,0,0,0,0,0,0,0,0,0,0,0,0,1,0,0.236500802560011
0,0,0,0,0,0,0,0,0,0,0,0,0,0,0,0,0,0,0,1,0,0.290868489672834
0,1,1,0,0,0,1,0,0,0,0,0,0,0,0,0,1,0,0,1,0,0.658461103988095
0,0,0,1,0,0,0,0,0,0,0,0,0,0,0,0,0,0,0,1,0,0.430997031941543
0,0,0,0,0,1,0,0,0,0,0,0,0,0,0,0,0,1,0,1,0,-0.244713766148646
0,0,0,1,0,0,0,0,0,0,0,0,0,0,0,0,1,0,0,1,0,0.656275057073811
1,0,1,0,0,0,0,0,0,0,0,0,0,0,0,0,0,0,0,1,0,0.321486456935055
0,0,0,0,0,0,1,0,0,0,0,0,0,0,0,0,1,0,0,1,0,0.401295600180186
0,0,0,0,0,0,0,0,0,0,0,0,0,0,0,0,0,0,0,1,0,0.290868489672834
0,0,0,0,0,0,1,0,1,0,0,0,0,0,1,0,0,0,0,1,0,0.245624605680641
0,1,0,0,0,0,1,0,0,0,0,0,0,0,0,0,0,0,0,1,0,0.348197424480783
1,0,1,0,0,0,0,0,0,0,0,0,0,0,0,0,0,0,0,1,0,0.321486456935055
1,0,1,0,0,0,0,0,0,0,0,0,0,0,0,0,0,1,0,1,0,0.206688813961432
0,1,0,0,0,0,0,0,0,0,0,0,0,0,0,0,0,0,1,1,0,0.511681861016751
0,0,1,0,0,0,1,0,0,0,0,0,0,0,0,0,0,0,0,1,0,0.261003229422962
1,0,0,0,0,0,0,0,0,0,0,0,0,0,0,0,0,0,0,1,0,0.236500802560011
0,1,0,0,0,0,0,0,0,0,0,0,0,0,0,0,0,0,0,1,0,0.463048339105699
0,1,1,0,0,1,0,0,0,0,0,0,0,0,0,0,0,1,0,1,0,0.0124517376592622
0,1,0,0,0,0,0,0,0,0,0,0,0,0,1,0,0,0,0,1,0,0.00515939435230528
1,0,1,0,0,0,0,0,0,0,0,0,0,0,0,0,1,0,0,1,0,0.546764482067322
0,1,1,0,0,0,0,0,0,0,0,0,0,0,0,0,0,0,0,1,0,0.548033993480743
0,1,0,0,0,1,0,0,0,0,0,0,0,0,0,0,0,0,0,1,0,0.0422637262578417
1,0,1,0,0,0,0,0,0,0,0,0,0,0,1,0,1,0,1,1,0,0.13750905922498
1,0,1,0,0,0,0,0,0,0,0,0,0,0,1,0,0,0,0,1,0,-0.136402487818339
1,0,0,0,0,1,0,0,0,0,0,0,0,0,0,0,0,1,0,1,0,-0.299081453261469
0,1,1,0,0,0,0,0,0,0,0,1,0,0,0,0,0,0,0,1,0,0.950841630320457
1,0,0,1,0,0,1,0,0,0,0,0,0,0,1,0,0,0,0,1,0,-0.19611051454959
0,0,0,1,0,0,1,0,0,0,0,0,0,0,0,0,0,0,0,1,0,0.316146117316627
1,0,1,0,0,0,0,0,0,0,0,0,0,0,0,0,0,0,0,1,0,0.321486456935055
1,0,0,1,0,0,0,0,0,0,0,1,0,0,0,0,0,0,0,1,0,0.779436981668434
1,0,1,0,0,0,0,0,0,0,0,0,0,0,0,0,0,0,0,1,0,0.321486456935055
1,0,0,1,0,0,1,0,0,0,0,0,0,0,0,0,0,1,0,1,0,0.146980787230181
0,1,0,1,0,0,0,0,0,0,0,0,0,0,0,0,0,1,1,1,0,0.537012760311837
1,0,0,0,0,0,0,0,0,0,0,0,0,0,0,0,0,0,0,1,0,0.236500802560011
0,1,1,0,0,0,1,0,0,0,0,0,0,0,1,0,0,0,0,1,0,-0.0247058658975671
1,0,0,0,0,0,0,0,0,0,0,0,0,0,0,0,0,0,0,1,0,0.236500802560011
0,0,0,1,0,0,0,0,0,0,0,1,0,0,0,0,0,1,0,1,0,0.719007025807634
0,0,1,0,0,0,1,0,0,0,0,0,0,0,0,0,0,0,0,1,0,0.261003229422962
0,1,1,0,0,0,1,0,0,0,0,0,0,0,0,0,0,1,1,1,0,0.367018957793256
1,0,1,0,0,0,0,0,1,0,0,0,0,0,0,0,0,0,0,1,0,0.848982432321171
0,0,0,0,0,0,0,0,0,0,0,0,0,0,0,0,0,0,0,1,0,0.290868489672834
0,0,0,1,0,0,0,0,0,0,0,0,0,0,0,0,0,0,0,1,0,0.430997031941543
1,0,0,0,0,0,0,0,0,0,0,0,0,0,0,0,0,0,0,1,0,0.236500802560011
1,0,0,1,0,0,0,0,0,0,0,0,0,0,0,0,0,0,0,1,0,0.37662934482872
0,1,0,1,0,0,0,0,0,0,0,0,0,0,0,0,0,0,0,1,0,0.603176881374408
0,1,0,0,0,0,1,0,0,0,0,0,0,0,0,0,0,0,0,1,0,0.348197424480783
0,1,0,1,0,0,0,0,0,0,0,0,0,1,0,0,0,0,0,1,0,0.796225036865205
0,1,1,0,0,0,0,0,0,0,0,0,0,0,0,0,0,0,0,1,0,0.548033993480743
1,0,0,1,0,0,0,0,0,0,0,0,0,0,0,0,0,0,0,1,0,0.37662934482872
0,0,0,1,0,1,0,0,0,0,0,0,0,1,0,0,0,0,0,1,0,0.203260574584482
0,1,1,0,0,0,0,0,0,0,0,0,0,0,0,0,0,0,0,1,0,0.548033993480743
0,1,0,1,0,0,1,0,0,0,0,0,0,0,0,0,0,0,0,1,0,0.488325966749492
1,0,1,0,0,0,0,0,0,0,0,0,0,0,0,0,0,0,0,1,0,0.321486456935055
0,0,0,0,0,0,0,0,0,0,0,0,0,0,0,0,0,0,0,1,0,0.290868489672834
1,0,1,0,0,0,0,0,0,0,0,0,0,0,0,0,1,1,0,1,0,0.431966839093699
0,0,1,0,0,0,0,0,0,0,0,0,0,0,0,0,0,0,0,1,0,0.375854144047878
0,1,1,0,0,0,1,0,0,0,0,0,0,0,0,0,0,0,0,1,0,0.433183078855827
1,0,1,0,0,0,0,0,0,0,0,0,0,0,0,0,1,0,0,1,0,0.546764482067322
0,0,0,0,0,0,0,0,0,0,0,0,0,0,1,0,0,0,0,1,0,-0.16702045508056
1,0,1,0,0,0,0,0,0,0,0,0,0,0,0,0,0,0,0,1,0,0.321486456935055
0,0,1,0,0,0,0,0,0,0,0,0,0,0,0,0,0,0,0,1,0,0.375854144047878
1,0,0,0,0,1,0,0,0,0,0,0,0,0,0,0,0,0,0,1,0,-0.184283810287846
0,0,0,0,0,1,0,0,0,0,0,0,0,1,0,0,0,0,0,1,0,0.0631320323157737
0,0,1,0,1,0,0,0,0,0,0,0,0,0,0,0,0,0,0,1,0,0.466522867542935
1,0,1,0,0,1,0,0,0,0,0,0,0,0,0,0,1,0,0,1,0,0.125979869219465
1,0,1,0,0,1,0,0,0,0,0,0,0,0,1,0,0,0,0,1,0,-0.557187100666197
1,0,0,0,0,0,0,0,0,0,0,0,0,0,0,0,1,0,0,1,0,0.461778827692279
0,0,1,0,0,0,1,0,0,0,0,0,0,0,1,0,0,0,0,1,0,-0.196885715330432
1,0,1,0,0,1,1,0,0,0,0,0,0,0,0,0,0,0,0,1,0,-0.214149070537719
1,0,1,0,0,1,0,0,0,0,0,0,0,0,0,0,0,0,0,1,0,-0.0992981559128028
0,1,1,0,0,0,0,0,0,0,0,0,0,0,0,0,0,0,0,1,0,0.548033993480743
0,1,0,0,0,0,0,0,0,0,0,0,0,0,1,0,0,0,0,1,0,0.00515939435230528
1,0,0,0,0,1,0,0,0,0,0,0,0,0,0,0,0,0,0,1,0,-0.184283810287846
1,0,1,0,0,0,0,0,0,0,0,0,0,0,1,0,0,0,0,1,0,-0.136402487818339
1,0,1,0,0,0,1,0,0,0,0,0,0,0,0,0,0,0,0,1,0,0.206635542310139
0,0,0,0,0,1,0,0,0,0,0,0,0,0,0,0,0,0,0,1,0,-0.129916123175023
0,1,0,1,0,0,1,0,0,0,0,0,0,0,0,0,0,1,0,1,0,0.373528323775869
0,1,1,0,0,1,1,0,0,0,0,0,0,0,0,0,0,0,0,1,0,0.0123984660079693
0,0,1,0,0,1,0,0,0,0,0,0,0,0,0,0,0,0,0,1,0,-0.0449304687999798
1,0,1,0,0,1,0,0,0,0,0,0,0,0,0,0,0,0,0,1,0,-0.0992981559128028
1,0,0,0,0,0,0,0,0,0,0,0,0,0,1,0,0,0,0,1,0,-0.221388142193383
1,0,1,0,0,0,0,0,0,0,0,0,0,0,0,0,0,1,0,1,0,0.206688813961432
1,0,1,0,0,1,0,0,0,0,0,0,0,0,0,0,0,0,0,1,0,-0.0992981559128028
1,0,1,0,0,0,0,0,0,0,0,0,0,0,1,0,0,1,0,1,0,-0.251200130791962
0,1,0,1,0,0,0,0,0,0,0,0,0,0,1,0,0,0,0,1,0,0.145287936621014
1,0,0,1,0,0,1,0,0,0,0,0,0,0,0,0,0,0,0,1,0,0.261778430203804
1,0,1,0,0,0,0,0,0,0,0,0,0,0,0,0,0,0,0,1,0,0.321486456935055
1,0,0,0,0,1,0,0,0,0,0,0,0,0,0,0,0,0,0,1,0,-0.184283810287846
1,0,1,0,0,0,0,0,0,0,0,0,0,0,0,0,0,0,0,1,0,0.321486456935055
1,0,0,1,0,0,1,0,0,0,0,0,0,0,0,0,0,1,0,1,0,0.146980787230181
0,0,0,0,0,0,0,0,0,0,0,0,0,0,0,0,0,0,0,1,0,0.290868489672834
1,0,1,0,0,0,0,0,0,0,0,0,0,0,0,0,0,1,0,1,0,0.206688813961432
1,0,0,0,0,1,1,0,0,0,0,0,0,0,0,0,0,0,0,1,0,-0.299134724912762
1,0,1,0,0,1,0,0,0,0,0,0,0,0,0,0,0,1,0,1,0,-0.214095798886426
0,0,1,0,0,0,0,0,0,0,0,1,0,0,0,0,0,0,0,1,0,0.778661780887592
1,0,1,0,0,0,1,0,0,0,0,0,0,1,0,0,0,0,0,1,0,0.399683697800936
0,1,1,0,0,0,0,0,1,0,0,0,0,0,0,0,0,0,1,1,0,1.12416349077791
0,0,0,1,0,1,1,0,0,0,0,0,0,0,1,0,0,0,0,1,0,-0.562527440284625
0,1,0,1,0,0,1,0,0,0,0,0,1,0,0,0,0,0,0,1,0,0.862172115529967
0,0,0,1,0,1,0,0,0,0,0,0,0,0,0,0,0,0,0,1,0,0.0102124190936853
1,0,0,1,0,1,1,0,0,0,0,0,0,0,0,0,0,0,0,1,0,-0.159006182644054
0,0,1,0,0,0,1,0,0,0,0,0,0,0,0,0,0,1,0,1,0,0.146205586449339
1,0,0,0,0,0,0,0,0,0,0,0,0,0,0,0,0,0,1,1,0,0.285134324471063
0,0,0,0,0,0,0,0,0,0,0,0,1,1,0,0,0,1,1,1,0,0.791598672881535
0,0,1,0,0,1,0,0,0,0,0,0,0,0,0,0,0,0,0,1,0,-0.0449304687999798
0,0,1,0,0,0,1,0,0,0,0,0,0,0,0,0,0,0,0,1,0,0.261003229422962
1,0,1,0,0,1,1,0,0,0,0,0,0,0,0,0,0,0,0,1,0,-0.214149070537719
1,0,0,0,0,0,0,0,0,0,0,0,0,0,0,0,0,0,0,1,0,0.236500802560011
1,0,0,0,0,0,0,0,0,0,0,0,0,0,0,0,0,0,0,1,0,0.236500802560011
1,0,0,1,0,0,0,0,0,0,0,0,0,0,0,0,1,0,0,1,0,0.601907369960987
1,0,1,0,0,0,0,0,0,0,0,0,0,0,0,0,0,0,1,1,0,0.370119978846107
0,0,1,0,0,0,1,0,0,0,0,0,0,0,0,0,0,0,0,1,0,0.261003229422962
0,0,1,0,0,1,0,0,0,0,0,0,0,0,0,0,0,0,0,1,0,-0.0449304687999798
0,1,1,0,0,0,0,0,0,0,0,0,0,0,1,0,0,0,0,1,0,0.0901450487273489
1,0,1,0,0,1,0,0,0,0,0,0,0,0,0,0,0,0,0,1,0,-0.0992981559128028
0,0,1,0,0,0,0,0,0,0,0,0,0,0,0,0,0,1,0,1,0,0.261056501074255
0,0,0,0,0,0,0,0,0,0,0,0,0,1,0,0,0,1,0,1,0,0.369119002190008
1,0,0,1,0,0,0,0,0,0,0,0,0,0,0,0,0,0,0,1,0,0.37662934482872
1,0,1,0,0,0,0,0,0,0,0,0,0,0,0,0,0,0,0,1,0,0.321486456935055
0,0,0,0,0,0,1,0,0,0,0,0,0,0,0,0,0,0,0,1,0,0.176017575047918
0,1,0,0,0,0,1,0,0,0,0,0,0,0,1,0,0,0,0,1,0,-0.109691520272611
0,1,0,1,0,0,1,0,0,0,0,0,0,0,0,0,0,0,0,1,0,0.488325966749492
0,0,1,0,0,1,1,0,0,0,0,0,0,0,1,0,0,0,1,1,0,-0.569036806267238
0,0,0,0,0,1,0,0,0,0,0,0,0,0,0,0,0,0,0,1,0,-0.129916123175023
1,0,0,1,0,0,1,0,0,0,0,0,0,0,0,0,0,0,0,1,0,0.261778430203804
0,0,0,0,0,0,0,0,0,0,0,0,0,0,0,0,0,1,0,1,0,0.176070846699211
0,1,1,0,0,1,0,0,0,0,0,0,0,0,0,0,0,0,0,1,0,0.127249380632885
1,0,0,0,0,0,1,0,0,0,0,0,0,0,0,0,0,0,0,1,0,0.121649887935095
0,1,1,0,0,0,1,0,0,0,0,0,0,0,0,0,0,0,0,1,0,0.433183078855827
0,1,0,0,0,0,0,0,0,0,0,0,0,0,0,0,0,0,0,1,0,0.463048339105699
1,0,0,0,1,0,0,0,0,0,0,1,0,0,0,0,0,0,0,1,0,0.729977162894782
1,0,0,0,0,0,0,0,0,0,0,0,0,0,1,0,0,0,0,1,0,-0.221388142193383
1,0,1,0,0,0,0,0,0,0,0,0,0,0,1,0,0,1,0,1,0,-0.251200130791962
1,0,1,0,0,0,0,0,0,0,0,0,0,0,0,0,0,0,0,1,0,0.321486456935055
0,0,0,0,0,1,1,0,0,0,0,0,0,0,1,0,0,0,0,1,0,-0.702655982553333
0,1,1,0,0,1,1,0,0,0,0,0,0,0,1,0,0,0,0,1,0,-0.445490478745425
0,1,1,0,0,1,0,0,0,0,0,0,0,0,0,0,0,0,0,1,0,0.127249380632885
0,0,1,0,0,0,1,0,0,0,0,0,0,0,0,0,0,0,0,1,0,0.261003229422962
1,0,0,1,0,0,1,0,0,0,0,0,0,0,0,0,0,0,0,1,0,0.261778430203804
0,0,0,1,0,0,1,0,0,0,0,0,0,0,1,0,0,1,0,1,0,-0.25654047041039
1,0,0,0,0,1,0,0,0,0,0,0,0,0,1,0,0,0,0,1,0,-0.64217275504124
0,1,0,0,0,0,1,0,0,0,0,0,0,0,0,0,0,0,0,1,0,0.348197424480783
1,0,0,0,0,1,1,0,0,0,0,0,0,0,0,0,0,0,0,1,0,-0.299134724912762
1,0,0,1,0,1,0,0,0,0,0,1,0,0,0,0,0,0,0,1,0,0.358652368820576
1,0,0,0,0,0,0,0,0,0,0,0,0,0,0,0,0,1,0,1,0,0.121703159586388
0,0,0,1,0,0,0,0,0,0,0,0,0,0,0,0,0,0,0,1,0,0.430997031941543
0,1,1,0,0,0,0,0,0,0,0,0,0,0,0,0,0,0,0,1,0,0.548033993480743
1,0,0,0,0,0,0,0,0,0,0,0,0,0,0,0,0,0,0,1,0,0.236500802560011
1,0,0,1,0,0,1,0,0,0,0,0,0,0,0,0,0,0,0,1,0,0.261778430203804
0,0,1,0,0,0,0,0,0,0,0,0,0,1,0,0,0,1,0,1,0,0.454104656565052
0,1,1,0,0,0,0,0,0,0,0,0,0,0,0,0,1,0,0,1,0,0.77331201861301
0,1,0,0,0,0,1,0,0,0,0,0,0,0,0,0,0,0,0,1,0,0.348197424480783
0,0,1,0,0,0,0,0,0,0,0,0,0,0,0,0,1,0,0,1,0,0.601132169180145
0,1,1,0,0,0,0,0,0,0,0,0,0,0,0,0,0,0,0,1,0,0.548033993480743
1,0,1,0,0,0,1,0,0,0,0,0,0,0,1,0,0,1,0,1,0,-0.366051045416878
1,0,1,0,0,0,0,0,0,0,0,0,0,1,0,0,0,0,0,1,0,0.514534612425852
0,1,1,0,0,1,0,0,0,0,0,0,0,0,0,0,0,0,0,1,0,0.127249380632885
0,0,1,0,0,0,0,0,0,0,0,0,0,1,1,0,0,1,0,1,0,-0.0037842881883422
1,0,0,0,0,0,0,0,0,0,0,0,0,0,0,0,0,0,0,1,0,0.236500802560011
0,1,0,0,0,0,0,0,0,0,0,0,0,0,0,0,1,0,0,1,0,0.688326364237967
0,1,1,0,0,0,0,0,0,0,0,0,0,0,0,0,0,0,0,1,0,0.548033993480743
1,0,0,1,0,1,0,0,0,0,0,0,0,0,0,0,0,1,1,1,0,-0.110319389081709
0,0,1,0,0,0,1,0,0,0,0,0,0,0,0,0,0,0,0,1,0,0.261003229422962
0,1,0,1,0,1,0,0,0,0,0,0,0,0,1,0,0,0,0,1,0,-0.275496676226844
1,0,1,0,0,1,0,0,0,0,0,0,0,0,0,0,0,1,0,1,0,-0.214095798886426
1,0,0,0,0,0,1,0,0,0,0,0,0,0,0,0,0,0,0,1,0,0.121649887935095
0,1,0,1,0,0,0,0,0,0,0,0,0,0,0,0,0,0,0,1,0,0.603176881374408
1,0,0,0,0,0,0,0,0,0,0,0,0,0,0,0,0,0,0,1,0,0.236500802560011
0,1,0,0,0,0,0,0,0,0,0,0,0,0,0,0,0,0,1,1,0,0.511681861016751
1,0,0,0,0,0,0,0,0,0,0,1,0,0,0,0,0,0,0,1,0,0.639308439399725
0,1,0,1,0,0,0,0,0,0,0,0,0,0,1,0,0,1,0,1,0,0.0304902936473909
1,0,1,0,0,0,1,0,0,0,0,0,0,0,1,0,0,0,0,1,0,-0.251253402443255
0,0,0,0,0,0,0,0,0,0,0,0,0,0,0,0,0,0,0,1,0,0.290868489672834
0,1,0,1,0,0,0,0,0,0,0,0,0,0,0,0,0,0,0,1,0,0.603176881374408
0,1,0,0,0,1,1,0,0,0,0,0,0,0,0,0,0,0,0,1,0,-0.0725871883670742
0,0,0,0,0,0,0,0,0,0,0,0,0,0,0,0,0,0,0,1,0,0.290868489672834
0,0,1,0,0,0,0,0,0,0,0,0,0,0,0,0,0,0,0,1,0,0.375854144047878
0,1,0,0,0,1,0,0,0,0,0,0,0,0,0,0,0,0,0,1,0,0.0422637262578417
1,0,0,0,0,1,0,0,0,0,0,0,0,0,0,0,0,0,1,1,0,-0.135650288376794
0,1,1,0,0,0,1,0,1,0,0,0,0,0,0,0,0,0,0,1,0,0.960679054241943
1,0,0,0,0,0,0,0,0,0,0,0,0,0,0,0,0,1,1,1,0,0.17033668149744
0,0,1,0,0,0,0,0,0,0,0,0,0,1,0,0,0,0,0,1,0,0.568902299538675
0,0,1,0,0,0,1,0,0,0,0,0,1,0,0,0,0,0,0,1,0,0.634849378203437
0,0,0,1,0,0,0,0,0,0,0,0,0,0,0,0,0,0,0,1,0,0.430997031941543
0,0,0,1,0,0,0,0,0,0,0,0,0,0,0,0,0,0,0,1,0,0.430997031941543
1,0,1,0,0,0,0,0,0,0,0,0,0,0,0,0,0,1,0,1,0,0.206688813961432
1,0,0,0,0,1,0,0,0,0,0,0,0,0,0,0,0,0,0,1,0,-0.184283810287846
0,0,1,0,0,0,0,0,0,0,0,0,0,0,0,0,0,1,0,1,0,0.261056501074255
0,0,0,0,0,0,0,0,0,0,0,0,0,0,0,0,1,0,0,1,0,0.516146514805102
0,0,1,0,0,0,1,0,0,0,0,0,0,0,0,0,0,0,1,1,0,0.309636751334014
0,1,0,1,0,1,0,0,0,0,0,0,0,0,0,0,0,0,0,1,0,0.18239226852655
1,0,0,0,0,1,1,0,0,1,0,0,0,0,0,0,0,0,0,1,0,-0.534505025266905
1,0,0,0,0,0,0,0,0,0,0,0,0,0,1,0,0,0,0,1,0,-0.221388142193383
0,1,0,0,0,0,0,0,0,0,0,0,0,0,0,0,0,0,0,1,0,0.463048339105699
0,0,0,1,0,0,0,0,1,0,0,0,0,0,0,0,0,0,0,1,0,0.958493007327659
0,0,1,0,0,1,1,0,0,0,0,0,0,0,0,1,0,0,1,1,0,0.345624544818711
1,0,0,0,0,1,0,0,0,0,0,0,0,0,0,0,0,0,0,1,0,-0.184283810287846
1,0,0,1,0,0,0,0,0,0,0,0,0,0,0,0,0,0,0,1,0,0.37662934482872
0,0,0,0,0,0,1,0,0,0,0,0,0,0,0,0,0,0,0,1,0,0.176017575047918
0,0,0,0,0,0,0,0,0,0,0,0,0,0,0,0,0,0,0,1,0,0.290868489672834
0,0,1,0,0,0,0,0,0,0,0,0,0,0,0,0,0,0,0,1,0,0.375854144047878
1,0,1,0,0,0,0,0,0,0,0,0,0,0,0,0,0,1,0,1,0,0.206688813961432
0,1,1,0,0,0,0,0,0,0,0,0,0,0,0,0,0,1,0,1,0,0.43323635050712
0,0,1,0,0,0,0,0,0,0,0,0,0,0,1,0,0,0,0,1,0,-0.0820348007055162
1,0,0,0,0,0,0,0,0,0,0,0,0,0,0,0,0,0,0,1,0,0.236500802560011
0,1,1,0,0,0,0,0,0,0,0,0,0,0,0,0,0,0,0,1,0,0.548033993480743
0,0,1,0,0,0,0,0,0,0,0,0,0,0,0,0,0,1,0,1,0,0.261056501074255
0,1,0,1,0,1,0,0,0,0,0,0,0,0,0,0,0,0,0,1,0,0.18239226852655
1,0,1,0,0,1,1,0,0,0,0,0,0,0,0,0,0,0,0,1,0,-0.214149070537719
1,0,0,1,0,0,1,0,0,0,0,0,0,0,0,0,0,0,0,1,0,0.261778430203804
0,0,1,0,0,1,0,0,0,0,0,0,0,0,1,0,0,0,0,1,0,-0.502819413553374
1,0,1,0,0,1,0,0,0,0,0,0,0,0,0,0,0,0,0,1,0,-0.0992981559128028
0,0,1,0,0,0,0,0,0,0,0,0,0,0,0,0,0,1,0,1,0,0.261056501074255
1,0,1,0,0,0,0,0,0,0,0,0,0,0,0,0,0,0,0,1,0,0.321486456935055
1,0,0,0,0,0,0,0,0,0,0,0,0,0,0,0,0,0,0,1,0,0.236500802560011
0,0,1,0,0,0,1,0,0,0,1,0,0,0,0,0,0,0,0,1,0,0.0111734112776691
0,0,0,1,0,0,0,0,0,0,0,0,0,0,0,0,0,0,0,1,0,0.430997031941543
0,0,0,0,0,1,0,0,0,0,0,0,0,0,1,0,0,0,0,1,0,-0.587805067928417
1,0,1,0,0,1,0,0,0,0,0,0,0,0,0,0,0,0,0,1,0,-0.0992981559128028
0,1,0,0,0,1,0,0,0,0,0,0,0,0,0,0,0,0,0,1,0,0.0422637262578417
0,1,0,0,0,1,0,0,0,0,0,0,0,0,0,0,0,0,0,1,0,0.0422637262578417
1,0,1,0,0,1,0,0,0,0,0,0,0,0,0,0,0,0,0,1,0,-0.0992981559128028
0,0,1,0,0,0,0,0,0,0,0,0,0,0,0,0,0,0,0,1,0,0.375854144047878
1,0,0,0,0,0,0,0,0,0,0,0,0,0,0,0,1,1,0,1,0,0.346981184718656
0,0,0,0,0,0,1,0,0,0,0,0,0,0,0,0,0,0,0,1,0,0.176017575047918
0,1,1,0,0,0,0,0,0,0,0,0,0,0,1,0,0,1,0,1,0,-0.0246525942462742
0,0,0,0,0,0,1,0,0,0,0,0,0,0,0,0,0,1,0,1,0,0.0612199320742952
0,1,0,0,0,1,0,0,0,0,0,0,0,0,1,0,0,1,0,1,0,-0.530422861469175
0,1,0,0,0,0,0,0,0,0,0,0,0,0,0,0,0,0,0,1,0,0.463048339105699
1,0,1,0,0,0,0,0,0,0,0,0,0,0,0,0,0,0,0,1,0,0.321486456935055
1,0,0,0,0,1,1,0,0,0,0,0,0,0,0,0,0,0,0,1,0,-0.299134724912762
0,1,1,0,0,0,1,0,0,0,0,0,0,0,0,0,0,0,0,1,0,0.433183078855827
1,0,0,0,0,0,0,0,0,0,0,0,0,0,0,0,0,0,0,1,0,0.236500802560011
0,0,1,0,0,1,0,0,0,0,0,0,0,0,0,0,0,1,0,1,0,-0.159728111773603
0,0,0,0,0,0,0,0,0,0,0,0,0,0,0,0,0,1,0,1,0,0.176070846699211
0,0,0,0,0,0,0,0,0,0,0,0,0,0,0,0,0,0,0,1,0,0.290868489672834
1,0,1,0,0,0,0,0,0,0,0,0,0,0,0,0,0,0,0,1,0,0.321486456935055
0,0,0,0,0,0,0,0,0,0,0,0,0,0,0,0,0,0,1,1,0,0.339502011583886
1,0,1,0,0,1,0,0,0,0,0,0,0,0,0,0,0,1,0,1,0,-0.214095798886426
0,1,1,0,0,0,1,0,0,0,0,0,0,0,1,0,0,1,0,1,0,-0.13950350887119
0,0,0,0,0,0,0,0,0,0,0,0,0,0,0,0,0,0,0,1,0,0.290868489672834
0,0,1,0,0,0,0,0,0,0,0,0,0,0,0,0,0,0,0,1,0,0.375854144047878
1,0,0,1,0,0,1,0,0,0,0,0,0,0,0,0,0,0,0,1,0,0.261778430203804
0,0,1,0,0,0,1,0,0,0,0,0,0,0,0,0,0,1,0,1,0,0.146205586449339
0,0,0,1,0,0,1,0,0,0,0,0,0,0,0,0,0,0,0,1,0,0.316146117316627
1,0,0,0,0,0,0,0,0,0,0,0,0,0,0,0,0,0,0,1,0,0.236500802560011
0,0,0,1,0,0,1,0,0,0,0,0,0,1,0,0,0,0,0,1,0,0.509194272807424
1,0,1,0,0,0,0,0,0,0,0,0,0,0,0,0,0,0,0,1,0,0.321486456935055
0,0,0,1,0,1,0,0,0,0,0,0,0,0,1,0,0,0,0,1,0,-0.447676525659709
0,1,1,0,0,0,1,0,0,0,0,0,0,0,0,0,0,0,0,1,0,0.433183078855827
0,1,1,0,0,0,0,0,1,0,0,0,0,0,0,0,0,0,0,1,0,1.07552996886686
0,1,1,0,0,0,0,0,0,0,0,0,0,0,1,0,0,0,0,1,0,0.0901450487273489
1,0,1,0,0,0,0,0,0,0,0,0,0,0,0,0,0,0,0,1,0,0.321486456935055
1,0,1,0,0,0,0,0,0,0,0,0,0,0,1,0,0,0,0,1,0,-0.136402487818339
0,0,1,0,0,0,1,0,0,0,0,0,0,0,0,0,0,0,0,1,0,0.261003229422962
1,0,0,0,0,1,0,0,0,0,0,0,0,0,0,0,0,0,0,1,0,-0.184283810287846
0,0,0,0,0,0,0,0,0,0,0,0,0,0,0,0,0,0,0,1,0,0.290868489672834
0,0,1,0,0,0,0,0,0,0,0,0,0,0,0,0,0,0,0,1,0,0.375854144047878
0,0,1,0,0,0,0,0,0,0,0,0,0,0,0,0,0,0,0,1,0,0.375854144047878
0,0,0,1,0,1,0,0,0,0,0,0,0,0,0,0,0,0,0,1,0,0.0102124190936853
0,0,0,1,0,0,0,0,0,0,0,0,0,0,0,0,0,1,0,1,0,0.31619938896792
0,1,1,0,0,0,0,0,0,0,0,0,0,0,1,0,0,0,0,1,0,0.0901450487273489
1,0,1,0,0,0,1,0,0,0,0,0,0,0,0,0,0,0,0,1,0,0.206635542310139
0,0,0,1,0,0,0,0,0,0,0,0,0,0,0,0,0,0,0,1,0,0.430997031941543
0,1,1,0,0,1,0,0,0,0,0,0,0,0,0,0,0,0,1,1,0,0.175882902543937
1,0,0,0,1,0,1,0,0,0,0,0,0,0,0,0,0,0,0,1,0,0.212318611430152
0,1,0,0,0,0,0,0,0,0,0,0,0,0,0,0,1,0,0,1,0,0.688326364237967
1,0,0,0,0,1,1,0,0,0,0,0,0,0,1,0,0,0,0,1,0,-0.757023669666156
0,1,1,0,0,0,0,0,0,0,0,0,0,0,0,0,0,0,0,1,0,0.548033993480743
0,1,0,0,0,0,0,0,0,0,0,0,0,0,0,0,0,0,0,1,0,0.463048339105699
1,0,1,0,0,0,0,0,0,0,0,0,0,0,0,0,0,0,0,1,0,0.321486456935055
1,0,0,1,0,1,0,0,0,0,0,0,0,0,0,0,0,0,0,1,0,-0.0441552680191377
0,1,1,0,0,0,0,0,0,0,0,0,0,0,0,0,0,1,0,1,0,0.43323635050712
1,0,0,0,0,1,0,0,0,0,0,0,0,0,1,0,0,0,0,1,0,-0.64217275504124
0,0,0,0,0,1,0,0,0,0,0,0,0,0,0,0,0,0,0,1,0,-0.129916123175023
0,1,0,0,0,0,0,0,0,0,0,0,0,0,0,0,0,0,0,1,0,0.463048339105699
1,0,0,0,0,1,0,0,0,0,0,0,0,0,0,0,1,0,0,1,0,0.0409942148444213
0,1,0,1,0,0,0,0,1,0,0,0,0,0,0,0,0,0,0,1,0,1.13067285676052
1,0,0,1,0,0,0,0,0,0,0,0,0,0,0,0,0,1,0,1,0,0.261831701855097
1,0,0,0,0,0,0,0,0,0,0,0,0,0,0,0,0,1,0,1,0,0.121703159586388
0,1,1,0,0,0,0,0,0,0,0,0,0,0,1,0,0,1,0,1,0,-0.0246525942462742
0,0,1,0,0,0,0,0,0,0,0,0,0,0,0,0,0,1,0,1,0,0.261056501074255
1,0,1,0,0,0,1,0,0,0,0,0,0,0,0,0,0,0,1,1,0,0.255269064221191
1,0,1,0,0,0,0,0,0,0,0,0,0,1,0,0,0,0,0,1,0,0.514534612425852
0,1,1,0,0,0,0,0,0,0,0,0,0,0,0,0,0,0,0,1,0,0.548033993480743
0,0,1,0,0,0,0,0,0,0,0,0,0,0,0,0,0,0,0,1,0,0.375854144047878
0,1,0,0,0,0,0,0,1,0,0,0,0,0,1,0,0,0,0,1,0,0.532655369738422
0,0,0,1,0,0,1,0,0,0,0,0,0,0,0,0,0,0,0,1,0,0.316146117316627
0,1,0,0,0,0,0,0,0,0,0,0,0,0,1,0,0,0,0,1,0,0.00515939435230528
0,0,1,0,0,0,0,0,0,0,0,0,0,1,1,0,0,0,0,1,0,0.111013354785281
1,0,1,0,0,0,1,0,0,0,0,0,0,0,0,0,0,0,0,1,0,0.206635542310139
0,0,1,0,0,0,0,0,0,0,0,0,0,0,1,0,0,1,0,1,0,-0.196832443679139
0,0,0,1,1,0,0,0,0,0,0,0,0,0,0,0,0,0,0,1,0,0.5216657554366
1,0,1,0,0,0,0,0,0,0,0,0,0,0,0,0,0,0,0,1,0,0.321486456935055
0,0,0,1,0,0,1,0,0,0,0,0,0,1,0,0,0,0,0,1,0,0.509194272807424
0,1,0,1,0,0,0,0,0,0,0,0,0,0,0,0,0,0,0,1,0,0.603176881374408
0,1,0,0,0,0,1,0,0,0,1,0,0,0,1,0,0,0,0,1,0,-0.359521338417903
0,0,0,1,0,0,0,0,0,0,0,0,0,0,1,0,0,0,0,1,0,-0.0268919128118511
1,0,0,1,0,0,0,0,0,0,0,0,0,0,0,0,0,0,0,1,0,0.37662934482872
1,0,1,0,0,0,0,0,0,0,0,0,0,0,0,0,0,1,0,1,0,0.206688813961432
0,1,0,0,0,1,0,0,0,0,0,0,0,0,0,0,0,0,0,1,0,0.0422637262578417
0,0,1,0,0,1,0,0,0,0,0,0,0,0,0,1,0,0,0,1,0,0.411841937532575
1,0,0,1,0,0,1,0,0,0,0,0,0,0,0,0,0,0,0,1,0,0.261778430203804
0,0,1,0,0,0,0,0,0,0,0,0,1,0,0,0,0,0,0,1,0,0.749700292828353
0,0,0,1,0,0,0,0,0,0,0,0,0,0,0,0,0,1,0,1,0,0.31619938896792
0,1,0,0,0,1,1,0,0,0,0,0,0,0,0,0,0,0,0,1,0,-0.0725871883670742
1,0,0,0,0,0,0,0,0,0,0,0,0,0,0,0,1,0,0,1,0,0.461778827692279
0,0,1,0,0,1,0,0,0,0,0,0,0,0,0,0,0,0,0,1,0,-0.0449304687999798
1,0,1,0,0,0,0,0,0,0,0,0,0,0,0,0,0,0,0,1,0,0.321486456935055
1,0,0,1,0,0,0,0,0,0,0,0,0,0,1,0,0,0,0,1,0,-0.0812595999246741
0,1,0,1,0,1,0,0,0,0,0,0,0,0,0,0,0,0,1,1,0,0.231025790437602
0,1,1,0,0,0,0,0,0,0,0,0,0,0,0,0,0,0,0,1,0,0.548033993480743
1,0,0,1,0,0,0,0,0,0,0,0,0,0,1,0,0,0,0,1,0,-0.0812595999246741
0,1,1,0,0,0,0,0,0,0,0,0,0,0,1,0,0,0,0,1,0,0.0901450487273489
0,0,0,0,0,0,0,0,0,0,0,0,0,0,1,0,0,1,0,1,0,-0.281818098054183
1,0,1,0,0,1,0,0,0,0,0,0,0,0,0,0,0,0,0,1,0,-0.0992981559128028
1,0,0,0,0,0,0,0,0,0,0,0,0,0,1,0,0,0,0,1,0,-0.221388142193383
0,0,1,0,0,0,0,0,0,0,0,0,0,1,0,0,0,0,0,1,0,0.568902299538675
1,0,0,1,0,0,0,0,0,0,0,0,0,0,0,0,0,0,0,1,0,0.37662934482872
1,0,0,0,0,0,0,0,0,0,0,0,0,0,0,0,0,0,0,1,0,0.236500802560011
0,0,1,0,0,1,1,0,0,0,0,1,0,0,0,0,0,1,0,1,0,0.128228610441195
0,0,0,1,0,1,1,0,0,0,0,0,0,0,0,0,0,0,0,1,0,-0.104638495531231
1,0,0,0,0,0,0,0,0,0,0,0,0,0,0,0,0,1,1,1,0,0.17033668149744
0,1,1,0,0,0,0,0,0,0,0,0,0,0,0,0,0,1,0,1,0,0.43323635050712
1,0,0,0,0,1,0,0,0,0,0,0,0,0,0,0,0,0,0,1,0,-0.184283810287846
1,0,1,0,0,1,0,0,0,0,0,0,0,1,1,1,0,0,0,1,0,0.0926334611571548
0,0,0,1,0,0,0,0,0,0,0,0,0,0,0,0,0,0,0,1,0,0.430997031941543
0,0,1,0,0,0,0,0,0,0,0,0,0,0,0,0,0,1,0,1,0,0.261056501074255
0,0,0,0,0,0,1,0,0,0,0,0,0,0,1,0,0,0,0,1,0,-0.281871369705476
0,0,1,0,0,0,0,0,0,0,0,0,0,0,0,0,0,0,0,1,0,0.375854144047878
0,1,1,0,0,0,0,0,0,0,0,0,0,1,0,0,0,0,0,1,0,0.74108214897154
0,1,0,0,0,1,0,0,0,0,0,0,0,0,0,0,0,1,0,1,0,-0.0725339167157814
0,1,0,1,0,0,0,0,0,0,0,0,0,0,0,0,0,0,0,1,0,0.603176881374408
0,1,1,0,0,0,0,0,0,0,0,0,0,0,0,0,0,0,0,1,0,0.548033993480743
0,0,0,0,0,0,0,0,0,0,0,0,0,0,0,0,0,0,0,1,0,0.290868489672834
0,0,0,1,1,0,0,0,0,0,0,0,0,0,0,0,0,0,0,1,0,0.5216657554366
1,0,1,0,0,0,0,0,0,0,0,0,0,1,0,0,0,1,0,1,0,0.399736969452229
0,0,1,0,0,0,0,0,0,0,0,0,0,0,0,0,0,1,0,1,0,0.261056501074255
0,1,0,0,0,0,0,0,0,0,0,0,0,0,0,0,0,0,0,1,0,0.463048339105699
0,0,1,0,0,0,0,0,0,0,0,0,0,0,0,0,0,0,0,1,0,0.375854144047878
1,0,1,0,0,1,1,0,0,0,0,0,0,0,0,0,0,0,0,1,0,-0.214149070537719
1,0,1,0,0,1,0,0,0,0,0,0,0,0,0,0,0,0,0,1,0,-0.0992981559128028
1,0,1,0,0,0,1,0,0,0,0,0,0,0,0,0,0,0,0,1,0,0.206635542310139
0,1,0,0,0,0,0,0,0,0,0,0,0,0,1,0,0,1,0,1,0,-0.109638248621318
0,0,1,0,0,0,0,0,1,0,0,0,0,0,0,0,0,0,0,1,0,0.903350119433994
1,0,1,0,0,1,0,0,0,0,0,0,0,1,1,0,1,0,0,1,0,-0.138860920043132
1,0,1,0,0,0,1,0,0,0,0,1,0,0,0,0,1,0,0,1,0,0.83472120428212
0,0,1,0,0,0,0,0,0,0,0,0,0,0,0,0,0,0,0,1,0,0.375854144047878
0,1,0,1,0,0,0,0,0,0,0,0,0,0,1,0,0,0,0,1,0,0.145287936621014
1,0,0,0,0,0,0,0,0,0,0,0,0,0,0,0,0,1,0,1,0,0.121703159586388
0,0,1,0,0,0,0,0,0,0,0,0,0,0,0,0,0,0,0,1,0,0.375854144047878
1,0,1,0,0,0,0,0,0,0,0,0,0,0,0,0,0,0,0,1,0,0.321486456935055
1,0,1,0,0,0,1,0,0,0,0,0,0,0,0,0,0,0,0,1,0,0.206635542310139
1,0,1,0,0,0,0,0,0,0,0,0,0,0,0,0,0,0,0,1,0,0.321486456935055
1,0,1,0,0,1,0,0,0,0,0,0,0,0,1,0,0,0,0,1,0,-0.557187100666197
0,0,0,0,0,0,1,0,1,0,0,0,0,0,0,0,0,0,0,1,0,0.703513550434035
1,0,1,0,0,0,0,0,0,0,0,0,0,0,0,0,0,0,0,1,0,0.321486456935055
0,0,1,0,0,0,0,0,0,0,0,0,0,0,0,0,0,0,0,1,0,0.375854144047878
1,0,0,0,0,0,1,0,0,0,0,0,0,0,0,0,1,0,0,1,0,0.346927913067363
1,0,0,0,0,1,1,0,0,0,0,0,0,0,0,0,0,0,0,1,0,-0.299134724912762
1,0,1,0,0,0,0,0,0,0,0,0,0,0,0,0,0,0,0,1,0,0.321486456935055
0,0,1,0,0,0,0,0,0,0,0,0,0,0,0,0,0,0,0,1,0,0.375854144047878
1,0,0,0,1,0,0,0,0,0,0,0,0,0,0,0,0,0,0,1,0,0.327169526055068
0,0,0,1,0,0,0,0,0,0,0,1,0,0,0,0,0,0,0,1,0,0.833804668781257
0,0,1,0,0,0,0,0,0,0,0,0,0,0,0,0,1,0,0,1,0,0.601132169180145
0,1,0,1,0,0,1,0,0,0,0,0,0,0,0,0,0,0,0,1,0,0.488325966749492
1,0,1,0,0,0,0,0,0,0,0,0,0,0,0,0,0,0,0,1,0,0.321486456935055
1,0,0,1,0,0,0,0,0,0,0,0,0,0,0,0,0,0,0,1,0,0.37662934482872
1,0,0,1,0,1,0,0,0,0,0,0,0,0,0,0,0,0,0,1,0,-0.0441552680191377
1,0,0,0,0,0,0,0,1,0,0,0,0,1,0,0,0,1,0,1,0,0.842247290463302
0,0,1,0,0,0,1,0,0,0,0,0,0,0,0,0,0,0,0,1,0,0.261003229422962
0,1,0,0,0,1,0,0,0,0,0,0,0,0,0,0,0,1,0,1,0,-0.0725339167157814
1,0,1,0,0,1,0,0,0,0,0,0,0,0,0,0,0,0,0,1,0,-0.0992981559128028
1,0,1,0,0,0,0,0,0,0,0,0,0,0,0,0,0,0,0,1,0,0.321486456935055
1,0,0,1,0,1,0,0,0,0,0,0,0,0,0,0,0,0,0,1,0,-0.0441552680191377
1,0,0,0,0,0,1,0,0,0,0,0,0,0,0,0,0,0,0,1,0,0.121649887935095
0,0,1,0,0,0,0,0,0,0,0,0,0,0,0,1,0,1,0,1,0,0.717828907406809
0,1,1,0,0,1,0,0,0,0,0,1,0,0,1,0,0,0,0,1,0,0.0721680727192051
0,0,1,0,0,0,0,0,0,0,0,0,0,0,1,0,0,0,0,1,0,-0.0820348007055162
1,0,0,1,0,1,1,0,0,0,0,0,0,0,0,0,0,0,0,1,0,-0.159006182644054
0,1,1,0,0,0,1,0,0,0,0,0,0,0,0,0,0,1,0,1,0,0.318385435882204
1,0,0,1,0,0,0,0,0,0,0,0,0,0,0,0,0,0,0,1,0,0.37662934482872
1,0,0,0,0,0,0,0,0,0,0,0,0,0,0,0,0,0,0,1,0,0.236500802560011
0,0,0,0,0,0,0,0,0,0,0,0,0,1,0,0,0,0,1,1,0,0.532550167074683
1,0,1,0,0,0,0,0,0,0,0,0,0,0,0,0,0,0,0,1,0,0.321486456935055
0,0,0,1,0,0,0,0,0,0,0,0,0,0,0,0,0,0,0,1,0,0.430997031941543
1,0,1,0,0,0,0,0,0,0,0,0,0,0,0,0,0,0,1,1,0,0.370119978846107
0,0,1,0,0,0,0,0,0,0,0,0,0,0,1,0,0,0,0,1,0,-0.0820348007055162
1,0,0,1,0,1,1,0,0,0,0,0,0,0,0,0,0,1,0,1,0,-0.273803825617677
0,1,1,0,0,1,0,0,0,0,0,0,0,0,0,0,0,1,0,1,0,0.0124517376592622
1,0,0,1,0,0,0,0,0,0,0,0,0,0,0,0,0,0,0,1,0,0.37662934482872
0,0,1,0,0,0,0,0,0,0,0,0,0,0,0,0,0,1,0,1,0,0.261056501074255
0,0,0,1,0,0,0,0,0,0,0,0,0,0,0,0,0,1,0,1,0,0.31619938896792
1,0,0,1,0,1,1,0,0,0,0,0,0,0,0,0,0,0,0,1,0,-0.159006182644054
1,0,0,0,0,0,0,0,0,0,0,0,0,0,0,0,0,0,0,1,0,0.236500802560011
1,0,0,1,0,0,1,0,0,0,0,0,0,0,0,0,0,0,0,1,0,0.261778430203804
0,0,1,0,0,1,1,0,0,0,0,0,0,0,0,0,1,0,0,1,0,0.065496641707372
0,0,1,0,0,0,0,0,0,0,0,0,0,0,1,0,1,1,0,1,0,0.0284455814531285
0,1,1,0,0,0,0,0,0,0,0,0,0,0,0,0,1,0,0,1,0,0.77331201861301
1,0,1,0,0,1,0,0,0,0,0,0,0,0,0,0,0,0,0,1,0,-0.0992981559128028
1,0,1,0,0,1,0,0,0,0,0,0,0,0,1,0,0,0,0,1,0,-0.557187100666197
1,0,1,0,0,0,0,0,0,0,0,0,0,0,0,0,0,1,0,1,0,0.206688813961432
0,1,1,0,0,0,0,0,0,0,0,0,0,0,0,0,0,1,0,1,0,0.43323635050712
0,1,1,0,0,0,0,0,0,0,0,0,0,0,0,0,0,0,0,1,0,0.548033993480743
0,1,0,0,0,0,0,0,0,0,0,0,0,0,0,0,1,0,0,1,0,0.688326364237967
1,0,1,0,0,0,0,0,0,0,0,0,0,0,0,0,0,1,0,1,0,0.206688813961432
1,0,0,1,0,0,0,0,1,0,0,0,0,0,0,0,1,0,0,1,0,1.1294033453471
1,0,0,1,0,0,0,0,0,0,0,0,0,0,0,0,0,0,0,1,0,0.37662934482872
1,0,0,0,0,0,0,0,0,0,0,0,0,0,0,0,0,0,0,1,0,0.236500802560011
1,0,0,0,0,0,0,0,0,0,0,0,0,0,0,0,0,0,0,1,0,0.236500802560011
0,0,0,0,0,1,0,0,0,0,0,0,0,0,1,0,0,0,0,1,0,-0.587805067928417
0,0,1,0,0,0,0,0,0,0,0,0,0,0,0,0,1,0,0,1,0,0.601132169180145
1,0,0,0,0,0,1,0,0,0,0,0,0,0,0,0,0,0,0,1,0,0.121649887935095
1,0,1,0,0,0,0,0,0,0,0,0,0,0,0,0,0,1,0,1,0,0.206688813961432
1,0,0,0,0,0,0,0,0,0,0,0,0,0,0,0,0,1,0,1,0,0.121703159586388
0,1,0,0,0,0,0,0,0,0,0,0,1,0,1,0,0,0,0,1,0,0.379005543132781
0,1,1,0,0,0,1,0,0,0,0,0,0,0,0,0,0,1,0,1,0,0.318385435882204
1,0,1,0,0,1,1,0,0,0,0,0,0,0,0,0,0,0,0,1,0,-0.214149070537719
1,0,1,0,0,0,0,0,0,0,0,0,0,0,0,0,0,1,0,1,0,0.206688813961432
0,0,1,0,0,1,0,0,0,0,0,0,0,0,0,0,0,0,0,1,0,-0.0449304687999798
1,0,1,0,0,1,0,0,0,0,0,0,0,0,1,0,0,0,0,1,0,-0.557187100666197
0,1,1,0,0,0,1,0,0,0,0,0,0,0,0,0,0,0,0,1,0,0.433183078855827
0,0,0,0,0,0,0,0,0,0,0,0,0,0,0,0,0,1,0,1,0,0.176070846699211
0,1,0,0,0,0,0,0,0,0,0,0,0,0,0,0,0,0,0,1,0,0.463048339105699
0,1,0,1,0,0,0,0,0,0,0,0,0,0,0,0,1,0,0,1,0,0.828454906506676
1,0,1,0,0,0,0,0,0,0,0,0,0,0,0,0,0,0,0,1,0,0.321486456935055
1,0,1,0,0,1,0,0,0,0,0,0,0,0,0,0,0,0,0,1,0,-0.0992981559128028
0,0,1,0,0,0,0,0,0,0,0,1,0,0,0,0,0,1,0,1,0,0.663864137913968
1,0,1,0,0,0,0,0,0,0,0,0,0,0,0,0,0,0,0,1,0,0.321486456935055
0,1,0,1,0,0,0,0,0,0,0,0,0,0,1,0,0,0,0,1,0,0.145287936621014
1,0,1,0,0,1,0,0,0,0,0,0,0,0,0,0,0,0,1,1,0,-0.0506646340017509
1,0,0,1,0,0,0,0,0,0,0,0,1,0,1,0,1,0,0,1,0,0.517864573988069
0,0,0,0,0,0,0,0,0,0,0,0,0,0,0,0,0,0,0,1,0,0.290868489672834
0,1,0,0,0,1,0,0,0,0,0,0,0,0,0,0,0,0,0,1,0,0.0422637262578417
0,1,1,0,0,1,0,0,0,0,0,0,0,0,0,0,0,1,0,1,0,0.0124517376592622
0,0,1,0,0,0,0,0,0,0,0,0,0,0,0,0,0,0,0,1,0,0.375854144047878
0,0,0,1,0,1,1,0,0,0,0,0,0,0,0,0,0,0,0,1,0,-0.104638495531231
0,0,0,0,0,0,0,0,0,0,0,0,0,0,0,0,0,0,0,1,0,0.290868489672834
1,0,1,0,0,0,0,0,0,0,0,0,0,1,1,0,0,0,0,1,0,0.0566456676724578
1,0,1,0,0,0,1,0,0,0,0,0,0,0,0,0,1,0,0,1,0,0.431913567442407
0,0,1,0,0,0,0,0,0,0,0,0,0,0,1,0,0,1,0,1,0,-0.196832443679139
1,0,0,0,0,0,0,0,1,0,0,0,0,0,0,0,0,0,0,1,0,0.763996777946128
0,1,1,0,0,0,0,0,1,0,0,0,0,0,0,0,0,1,0,1,0,0.960732325893236
1,0,1,0,0,1,0,0,0,0,0,0,0,0,0,0,0,0,0,1,0,-0.0992981559128028
0,1,0,1,0,0,1,0,0,0,0,0,0,0,0,0,0,0,0,1,0,0.488325966749492
1,0,0,0,0,0,0,0,0,0,0,0,0,0,0,0,0,0,0,1,0,0.236500802560011
0,0,1,0,0,0,0,0,0,0,0,0,0,0,1,1,0,1,0,1,0,0.259939962653415
0,0,0,0,0,1,0,0,0,0,0,0,0,0,0,0,0,0,0,1,0,-0.129916123175023
0,1,0,1,0,0,0,0,0,0,0,0,0,0,0,0,0,0,0,1,0,0.603176881374408
0,0,0,0,0,0,0,0,0,0,0,0,0,0,0,0,0,0,0,1,0,0.290868489672834
1,0,0,1,0,0,0,0,0,0,0,0,0,0,0,0,0,0,0,1,0,0.37662934482872
1,0,0,1,0,0,0,0,0,0,0,0,0,0,1,0,0,0,0,1,0,-0.0812595999246741
0,1,0,0,0,0,0,0,0,0,0,0,0,0,0,0,0,1,0,1,0,0.348250696132076
0,0,0,0,0,0,0,0,0,0,0,0,0,0,0,0,1,1,0,1,0,0.401348871831479
0,0,1,0,0,0,1,0,0,0,0,0,0,0,0,0,0,0,0,1,0,0.261003229422962
1,0,0,0,0,0,0,0,0,0,0,0,0,0,0,0,0,0,0,1,0,0.236500802560011
1,0,0,0,0,0,0,0,0,0,0,0,0,0,0,0,0,0,0,1,0,0.236500802560011
0,0,1,0,0,0,1,0,0,0,0,0,0,0,0,0,0,0,0,1,0,0.261003229422962
1,0,1,0,0,0,1,0,0,0,0,0,0,0,1,0,0,1,0,1,0,-0.366051045416878
0,0,0,0,0,0,0,0,0,0,0,0,0,0,1,0,0,0,0,1,0,-0.16702045508056
1,0,0,0,0,0,0,0,0,0,0,0,0,0,0,0,1,0,1,1,0,0.510412349603331
0,0,1,0,0,0,1,0,0,0,0,0,0,0,0,0,0,1,0,1,0,0.146205586449339
0,1,0,0,0,0,0,0,0,0,0,0,0,0,1,0,0,1,0,1,0,-0.109638248621318
1,0,0,0,0,0,1,0,0,0,0,0,0,0,0,0,0,0,0,1,0,0.121649887935095
1,0,1,0,0,1,0,0,0,0,0,0,0,1,0,0,0,1,0,1,0,-0.0210476433956288
1,0,0,1,0,0,1,0,0,0,0,0,0,0,0,0,0,0,0,1,0,0.261778430203804
0,0,0,0,0,0,0,0,0,0,0,0,0,0,0,0,0,0,0,1,0,0.290868489672834
1,0,0,0,0,0,0,0,0,0,0,0,0,0,0,0,0,0,0,1,0,0.236500802560011
0,1,0,0,0,0,0,0,0,0,1,0,0,0,0,0,0,1,0,1,0,0.0984208779867835
0,0,0,1,0,1,1,0,0,0,0,0,0,0,0,0,0,0,0,1,0,-0.104638495531231
0,0,0,0,0,1,0,0,0,0,0,0,0,0,0,0,0,0,0,1,0,-0.129916123175023
0,0,0,0,0,0,1,0,0,0,0,0,0,0,0,0,0,0,0,1,0,0.176017575047918
0,1,1,0,0,0,0,0,0,0,0,0,0,0,0,0,0,0,0,1,0,0.548033993480743
1,0,1,0,0,0,0,0,0,0,0,0,0,0,0,0,0,0,0,1,0,0.321486456935055
1,0,0,0,0,0,0,0,0,0,0,0,0,0,0,0,0,0,0,1,0,0.236500802560011
0,0,1,0,0,0,0,0,0,0,0,0,0,0,0,0,0,1,0,1,0,0.261056501074255
0,0,0,0,0,0,0,0,0,0,0,0,0,0,0,0,1,0,0,1,0,0.516146514805102
0,0,0,0,0,0,1,0,0,0,0,0,0,0,0,0,0,0,0,1,0,0.176017575047918
0,0,1,0,1,1,0,0,0,0,0,0,0,0,0,0,0,0,0,1,0,0.0457382546950774
1,0,1,0,0,1,0,0,0,0,0,0,0,0,0,0,0,0,0,1,0,-0.0992981559128028
0,1,1,0,0,1,0,0,0,0,0,0,0,0,0,0,0,0,0,1,0,0.127249380632885
0,0,0,1,0,1,1,0,0,0,0,0,0,0,0,0,0,0,0,1,0,-0.104638495531231
1,0,0,1,0,1,0,0,0,0,0,0,0,0,0,0,0,1,0,1,0,-0.158952910992761
1,0,1,0,0,0,0,0,0,0,0,0,0,0,0,0,0,1,0,1,0,0.206688813961432
1,0,1,0,0,0,0,0,0,0,0,0,0,0,0,0,0,0,0,1,0,0.321486456935055
0,0,0,1,0,0,0,0,0,0,0,0,0,0,0,0,0,0,0,1,0,0.430997031941543
0,1,0,0,0,0,0,0,0,0,0,0,0,0,1,0,0,0,0,1,0,0.00515939435230528
0,0,0,0,0,0,0,0,0,0,0,0,0,0,0,0,0,0,0,1,0,0.290868489672834
0,0,1,0,0,0,0,0,0,0,0,0,0,0,0,0,0,0,0,1,0,0.375854144047878
1,0,0,1,0,0,0,0,0,0,0,0,0,0,0,0,0,0,0,1,0,0.37662934482872
0,1,0,1,0,0,1,0,0,0,0,0,0,0,0,0,0,0,0,1,0,0.488325966749492
1,0,1,0,0,0,0,0,0,0,0,0,0,0,0,0,0,0,0,1,0,0.321486456935055
0,0,1,0,0,0,0,0,0,0,0,0,0,0,0,0,0,0,0,1,0,0.375854144047878
0,1,1,0,0,0,0,0,0,0,0,0,0,0,0,0,0,0,0,1,0,0.548033993480743
1,0,0,0,0,0,0,0,0,0,0,0,0,0,0,0,0,0,0,1,0,0.236500802560011
0,0,1,0,0,0,0,0,0,0,0,0,0,0,0,0,0,0,0,1,0,0.375854144047878
0,0,0,1,0,0,0,0,0,0,0,0,0,0,0,0,0,1,0,1,0,0.31619938896792
1,0,1,0,0,0,1,0,0,0,0,0,0,0,0,0,1,0,0,1,0,0.431913567442407
0,0,0,1,0,0,1,0,0,0,0,0,0,0,0,0,0,0,0,1,0,0.316146117316627
1,0,1,0,0,0,0,0,0,0,0,0,0,0,0,0,0,0,0,1,0,0.321486456935055
1,0,1,0,0,0,0,0,0,0,0,0,0,0,0,0,0,0,0,1,0,0.321486456935055
0,0,1,0,0,0,0,0,0,0,0,0,0,0,1,0,0,0,0,1,0,-0.0820348007055162
1,0,0,1,0,0,0,0,0,0,0,0,0,0,0,0,0,0,0,1,0,0.37662934482872
0,1,1,0,0,0,0,0,0,0,0,0,0,0,1,0,0,0,0,1,0,0.0901450487273489
0,1,1,0,0,0,0,0,0,0,0,0,0,0,0,0,0,0,0,1,0,0.548033993480743
0,1,1,0,0,1,0,0,0,1,0,0,0,0,0,0,0,0,0,1,0,-0.108120919721258
0,0,0,1,0,0,0,0,0,0,0,0,0,0,0,0,0,0,0,1,0,0.430997031941543
0,1,1,0,0,0,0,0,0,0,0,0,0,0,0,0,0,0,0,1,0,0.548033993480743
0,1,1,0,0,1,0,0,0,0,0,0,0,0,0,0,0,0,0,1,0,0.127249380632885
0,1,0,0,0,0,1,0,0,0,0,0,0,1,0,0,0,1,0,1,0,0.426447936997957
0,1,0,0,0,0,0,0,0,0,0,0,0,0,0,0,0,0,0,1,0,0.463048339105699
1,0,1,0,0,0,0,0,0,0,0,0,0,0,0,0,0,0,0,1,0,0.321486456935055
0,1,0,0,0,0,0,0,0,0,0,0,0,0,0,0,0,1,0,1,0,0.348250696132076
1,0,0,1,0,0,0,0,0,0,0,0,0,0,0,0,0,1,0,1,0,0.261831701855097
1,0,1,0,0,0,0,0,0,0,0,0,0,0,0,0,0,0,0,1,0,0.321486456935055
1,0,1,0,0,0,1,0,0,0,0,0,0,0,0,0,0,1,0,1,0,0.0918378993365158
0,0,1,0,0,0,0,0,0,0,0,0,0,0,0,0,0,0,0,1,0,0.375854144047878
1,0,0,0,0,0,0,0,0,0,0,0,0,0,0,0,0,0,0,1,0,0.236500802560011
1,0,0,1,0,0,0,0,0,0,0,0,0,0,0,0,1,0,0,1,0,0.601907369960987
0,0,1,0,0,0,0,0,0,0,0,0,0,0,0,0,0,0,0,1,0,0.375854144047878
0,1,1,0,0,0,0,0,0,0,0,0,0,0,0,0,0,0,0,1,0,0.548033993480743
1,0,0,1,0,1,1,0,0,0,0,0,0,0,0,0,0,0,0,1,0,-0.159006182644054
1,0,1,0,0,0,0,0,0,0,0,0,0,0,1,0,1,0,0,1,0,0.0888755373139285
0,1,0,0,0,1,1,0,0,0,0,0,0,0,0,0,0,1,0,1,0,-0.187384831340697
1,0,1,0,0,0,0,0,0,0,0,0,0,0,1,0,0,0,0,1,0,-0.136402487818339
0,0,1,0,0,0,1,0,0,0,0,1,0,0,1,0,0,0,0,1,0,0.205921921509282
0,0,1,0,0,0,0,0,0,0,0,0,0,0,1,0,0,0,0,1,0,-0.0820348007055162
0,0,1,0,0,1,1,0,0,0,0,0,0,0,0,0,0,0,0,1,0,-0.159781383424896
1,0,0,1,0,1,0,0,1,0,0,0,0,0,0,0,0,0,0,1,0,0.483340707366979
0,0,0,0,0,1,0,0,0,0,0,0,0,0,0,0,0,0,0,1,0,-0.129916123175023
0,1,1,0,0,1,0,0,0,0,0,0,0,0,1,0,0,0,0,1,0,-0.330639564120509
0,1,0,0,0,1,0,0,0,0,0,0,0,0,0,0,0,0,0,1,0,0.0422637262578417
0,0,0,1,0,0,0,0,0,0,0,0,0,0,0,0,0,0,0,1,0,0.430997031941543
1,0,0,1,0,0,1,0,0,0,0,0,0,0,0,0,0,0,0,1,0,0.261778430203804
0,0,0,0,0,1,1,0,0,1,0,0,0,0,0,0,0,0,0,1,0,-0.480137338154082
1,0,0,0,0,1,0,0,0,0,0,0,0,0,0,0,0,0,0,1,0,-0.184283810287846
0,0,0,1,0,0,0,0,0,0,0,0,0,0,0,0,0,0,0,1,0,0.430997031941543
0,1,1,0,0,0,0,0,0,0,0,0,0,0,0,0,0,1,0,1,0,0.43323635050712
0,0,0,0,0,1,0,0,0,0,0,0,0,0,1,0,0,0,0,1,0,-0.587805067928417
1,0,0,0,0,0,0,0,0,0,0,0,0,0,0,0,1,0,0,1,0,0.461778827692279
0,0,0,1,0,0,0,0,0,0,0,0,0,0,0,0,0,1,0,1,0,0.31619938896792
1,0,0,0,0,0,0,0,0,0,0,0,0,0,0,0,1,0,0,1,0,0.461778827692279
0,1,0,1,0,0,0,0,0,0,0,0,0,0,0,0,0,0,0,1,0,0.603176881374408
1,0,0,0,0,0,0,0,0,0,0,0,0,0,0,0,0,1,0,1,0,0.121703159586388
0,1,1,0,0,0,0,0,0,0,0,0,0,0,0,0,0,1,0,1,0,0.43323635050712
0,1,1,0,0,1,0,0,0,0,0,0,0,0,0,0,0,0,0,1,0,0.127249380632885
1,0,1,0,0,0,0,0,0,0,0,0,0,0,0,0,0,0,0,1,0,0.321486456935055
1,0,0,0,0,0,0,0,0,0,0,0,0,0,1,0,0,0,0,1,0,-0.221388142193383
0,0,1,0,0,0,0,0,0,0,0,0,0,0,0,0,0,0,0,1,0,0.375854144047878
0,1,1,0,0,0,0,0,0,0,0,0,0,0,0,0,0,0,0,1,0,0.548033993480743
0,0,1,0,0,1,0,0,0,0,0,0,0,0,0,0,0,0,0,1,0,-0.0449304687999798
1,0,1,0,0,0,0,1,0,0,0,0,0,0,0,0,0,0,0,1,0,0.230194298657679
0,0,0,0,0,0,1,0,1,0,0,0,0,0,0,0,0,0,0,1,0,0.703513550434035
1,0,1,0,0,1,0,0,0,0,0,0,0,0,0,0,0,0,0,1,0,-0.0992981559128028
1,0,0,1,0,0,0,0,0,0,1,0,0,0,0,0,0,1,0,1,0,0.012001883709804
1,0,0,1,0,0,1,0,0,0,0,0,0,1,0,0,0,0,0,1,0,0.454826585694601
0,0,0,0,0,0,1,0,0,0,0,0,0,0,0,0,1,0,0,1,0,0.401295600180186
1,0,1,0,0,0,1,0,0,0,0,0,0,0,0,0,0,0,0,1,0,0.206635542310139
1,0,0,0,0,1,0,0,0,0,0,0,0,0,0,0,0,0,0,1,0,-0.184283810287846
0,1,0,1,0,0,0,0,0,0,0,0,0,0,1,0,0,0,0,1,0,0.145287936621014
1,0,0,1,0,1,1,0,0,0,0,0,0,0,0,0,0,0,0,1,0,-0.159006182644054
1,0,0,1,0,0,0,0,0,0,0,0,0,0,0,0,0,0,0,1,0,0.37662934482872
0,0,1,0,0,0,0,0,0,0,0,0,0,0,1,0,0,0,0,1,0,-0.0820348007055162
0,0,0,0,0,0,0,0,0,0,0,0,0,0,0,0,0,0,0,1,0,0.290868489672834
0,0,1,0,0,0,0,0,0,0,0,0,0,0,0,0,0,0,0,1,0,0.375854144047878
1,0,1,0,0,0,0,0,0,0,0,0,0,0,0,0,0,0,0,1,0,0.321486456935055
1,0,0,0,0,1,0,0,0,0,0,1,0,0,0,0,0,0,0,1,0,0.218523826551867
1,0,1,0,0,0,0,0,0,0,0,0,0,0,0,0,0,0,1,1,0,0.370119978846107
1,0,1,0,0,0,0,0,0,0,0,0,0,0,0,1,0,1,0,1,0,0.663461220293986
1,0,0,0,0,0,0,0,0,0,0,0,0,0,0,0,0,0,0,1,0,0.236500802560011
0,0,0,0,0,0,0,0,0,0,0,0,0,0,0,0,1,0,0,1,0,0.516146514805102
0,0,1,0,0,0,0,0,0,0,0,0,0,0,0,0,0,0,0,1,0,0.375854144047878
0,0,1,0,0,0,0,0,0,0,0,1,0,0,0,0,0,0,0,1,0,0.778661780887592
0,0,1,0,0,0,1,0,0,0,0,0,0,0,1,0,0,0,0,1,0,-0.196885715330432
1,0,1,0,0,0,0,0,0,0,0,1,0,0,0,0,0,0,0,1,0,0.724294093774769
0,1,1,0,0,0,0,0,0,0,0,0,0,0,0,0,0,0,0,1,0,0.548033993480743
0,0,0,1,0,0,0,0,0,0,0,0,0,0,0,0,0,0,0,1,0,0.430997031941543
0,0,1,0,0,0,1,0,1,0,0,0,0,0,0,0,0,1,0,1,0,0.673701561835455
1,0,1,0,0,0,0,0,0,0,0,0,0,0,0,0,0,0,0,1,0,0.321486456935055
0,1,1,0,0,1,0,0,0,0,0,0,0,0,0,0,0,0,0,1,0,0.127249380632885
0,0,0,1,0,0,0,0,0,0,0,0,0,0,0,0,0,1,0,1,0,0.31619938896792
0,0,0,0,0,0,0,0,0,0,0,0,0,0,0,0,0,1,0,1,0,0.176070846699211
1,0,1,0,0,1,1,0,0,0,0,0,0,0,0,0,0,0,0,1,0,-0.214149070537719
0,1,0,1,0,0,0,0,0,0,0,0,0,0,0,0,0,0,0,1,0,0.603176881374408
0,1,1,0,0,0,0,0,0,0,0,0,0,0,0,0,0,1,0,1,0,0.43323635050712
0,0,0,1,0,0,0,0,0,0,0,0,0,0,0,0,0,0,0,1,0,0.430997031941543
1,0,1,0,0,1,0,0,0,0,0,0,0,0,1,0,0,1,0,1,0,-0.67198474363982
0,1,0,1,0,0,0,0,0,0,0,0,0,0,0,0,0,1,0,1,0,0.488379238400785
0,1,0,1,0,0,0,0,0,0,0,0,0,0,0,0,0,0,0,1,0,0.603176881374408
0,1,0,0,0,0,0,0,0,0,0,0,0,0,0,0,0,0,0,1,0,0.463048339105699
1,0,0,0,0,1,1,0,0,0,0,0,0,0,1,0,0,0,0,1,0,-0.757023669666156
0,0,0,0,0,0,0,0,0,0,0,0,0,0,0,0,0,0,0,1,0,0.290868489672834
1,0,1,0,0,0,0,0,0,0,0,0,0,0,0,0,0,0,0,1,0,0.321486456935055
1,0,1,0,0,0,1,0,0,0,0,0,0,0,0,0,1,0,0,1,0,0.431913567442407
0,0,1,0,0,0,1,0,0,0,0,0,0,0,1,0,0,0,0,1,0,-0.196885715330432
1,0,1,0,0,0,1,0,0,0,0,1,0,0,0,0,0,0,0,1,0,0.609443179149853
0,0,0,1,0,0,1,0,0,0,0,0,0,0,0,0,1,1,0,1,0,0.426626499475272
0,1,1,0,0,0,0,0,0,0,0,0,0,0,0,0,0,0,0,1,0,0.548033993480743
1,0,1,0,0,0,0,0,0,0,0,0,1,0,0,0,0,0,0,1,0,0.69533260571553
1,0,0,0,0,0,0,0,0,0,0,0,0,0,0,0,0,0,0,1,0,0.236500802560011
1,0,0,0,0,0,0,0,0,0,0,0,0,0,0,0,0,0,0,1,0,0.236500802560011
1,0,0,0,0,0,1,0,0,0,0,0,0,0,0,0,0,0,0,1,0,0.121649887935095
0,1,0,0,0,0,0,0,0,0,0,0,0,0,0,0,0,0,0,1,0,0.463048339105699
1,0,1,0,0,0,0,0,0,0,0,0,0,0,0,0,0,0,0,1,0,0.321486456935055
0,1,1,0,0,1,0,0,0,0,0,0,0,0,0,0,0,0,0,1,0,0.127249380632885
0,0,0,0,0,1,0,0,0,0,0,0,0,0,0,0,0,0,0,1,0,-0.129916123175023
1,0,0,1,0,0,0,0,0,0,0,0,0,0,0,0,0,1,0,1,0,0.261831701855097
0,0,1,0,0,1,0,0,0,0,0,0,0,0,0,0,0,0,0,1,0,-0.0449304687999798
0,1,0,0,0,0,0,0,0,0,0,0,0,0,0,0,0,1,0,1,0,0.348250696132076
0,1,0,0,0,0,0,0,0,0,0,0,0,0,1,0,0,0,0,1,0,0.00515939435230528
0,0,0,1,0,0,0,0,0,0,0,0,0,0,0,0,0,1,0,1,0,0.31619938896792
1,0,0,0,0,0,0,0,1,0,0,0,0,0,0,0,0,0,0,1,0,0.763996777946128
1,0,1,0,0,0,0,0,0,0,0,0,0,0,0,0,0,0,1,1,0,0.370119978846107
1,0,0,0,0,0,1,0,0,0,0,0,0,0,0,0,0,1,0,1,0,0.00685224496147219
0,0,0,1,0,0,0,0,0,0,0,0,0,0,0,0,0,0,0,1,0,0.430997031941543
0,1,0,1,0,0,0,0,0,0,0,0,0,0,0,0,0,0,0,1,0,0.603176881374408
0,0,1,0,0,0,0,0,0,0,0,0,0,0,0,0,0,0,0,1,0,0.375854144047878
1,0,1,0,0,0,1,0,0,0,0,0,0,0,0,0,0,0,0,1,0,0.206635542310139
0,0,0,0,0,0,1,0,0,0,0,0,0,1,0,0,0,0,0,1,0,0.369065730538715
1,0,1,0,0,0,1,0,0,0,0,0,0,0,0,0,0,0,0,1,0,0.206635542310139
0,0,1,0,0,0,1,0,0,0,0,0,0,0,0,0,0,0,0,1,0,0.261003229422962
0,0,1,0,0,0,1,0,0,0,0,0,0,0,0,0,0,1,0,1,0,0.146205586449339
0,1,0,1,0,1,0,0,0,0,0,0,0,0,0,0,0,1,0,1,0,0.0675946255529273
1,0,1,0,0,0,0,0,0,0,0,0,0,1,0,0,0,1,0,1,0,0.399736969452229
0,1,0,1,0,0,1,0,0,0,0,0,0,0,0,0,0,1,0,1,0,0.373528323775869
1,0,0,1,0,0,1,0,0,0,0,0,0,0,1,0,0,1,0,1,0,-0.310908157523213
1,0,1,0,0,0,0,0,0,0,0,0,0,0,0,0,0,1,0,1,0,0.206688813961432
0,0,1,0,0,0,0,0,0,0,0,0,0,0,0,0,0,1,0,1,0,0.261056501074255
0,0,1,0,0,0,0,0,0,0,0,0,0,1,0,0,0,0,0,1,0,0.568902299538675
0,1,0,0,0,0,0,0,0,0,0,0,0,0,0,0,0,1,1,1,0,0.396884218043128
1,0,1,0,0,0,0,0,0,0,0,0,0,0,0,0,0,0,0,1,0,0.321486456935055
0,0,1,0,0,1,1,0,0,0,0,0,0,0,0,0,0,0,0,1,0,-0.159781383424896
0,0,0,1,0,1,0,0,0,0,0,0,0,0,0,0,0,0,0,1,0,0.0102124190936853
0,0,1,0,0,0,0,0,0,0,0,0,1,0,0,0,0,0,0,1,0,0.749700292828353
0,0,0,0,0,1,0,0,0,0,0,0,0,0,0,0,0,0,0,1,0,-0.129916123175023
0,1,0,1,0,0,1,0,0,0,0,0,0,0,0,0,1,0,0,1,0,0.71360399188176
1,0,1,0,0,0,0,0,0,0,0,0,0,0,0,0,0,0,0,1,0,0.321486456935055
0,1,0,0,0,0,0,0,0,0,0,1,0,0,0,0,0,1,0,1,0,0.75105833297179
1,0,1,0,0,0,0,0,0,0,0,0,0,0,0,0,1,1,0,1,0,0.431966839093699
1,0,1,0,0,0,0,0,0,0,0,0,0,0,0,0,1,0,0,1,0,0.546764482067322
0,1,1,0,0,0,0,0,0,0,0,0,0,0,0,0,0,0,0,1,0,0.548033993480743
0,0,1,0,0,1,0,0,0,0,0,0,0,0,0,0,0,0,0,1,0,-0.0449304687999798
0,1,1,0,0,0,1,0,0,0,0,0,0,0,0,0,0,0,0,1,0,0.433183078855827
0,1,0,0,0,0,0,1,0,0,0,0,0,0,0,0,0,0,0,1,0,0.371756180828324
1,0,0,0,0,1,0,0,0,0,0,0,0,0,0,0,0,1,0,1,0,-0.299081453261469
0,0,0,1,0,0,0,0,0,0,0,0,0,0,0,0,0,0,0,1,0,0.430997031941543
0,0,0,0,0,1,0,0,0,0,0,0,0,0,0,0,1,0,0,1,0,0.0953619019572444
0,0,0,1,0,0,1,0,0,0,0,1,0,0,0,0,0,1,0,1,0,0.604156111182718
1,0,0,1,0,1,0,0,0,0,0,0,0,0,0,0,0,1,0,1,0,-0.158952910992761
0,0,0,0,0,0,1,0,0,0,0,0,0,0,0,0,0,0,0,1,0,0.176017575047918
0,0,1,0,0,0,0,0,0,0,0,0,0,0,0,0,0,1,0,1,0,0.261056501074255
1,0,1,0,0,0,0,0,0,0,0,0,0,1,0,0,0,1,0,1,0,0.399736969452229
0,0,0,0,0,0,0,0,0,0,0,0,0,0,0,0,0,0,0,1,0,0.290868489672834
1,0,0,1,0,0,0,0,0,0,0,0,0,0,0,0,0,0,0,1,0,0.37662934482872
0,0,0,1,0,0,0,0,0,0,0,0,0,0,0,0,0,0,0,1,0,0.430997031941543
0,0,0,1,0,0,0,0,0,0,0,0,0,0,0,0,0,0,0,1,0,0.430997031941543
1,0,0,1,0,0,0,0,0,0,0,0,0,0,0,0,0,1,0,1,0,0.261831701855097
0,1,1,0,0,0,0,0,0,0,0,0,0,0,0,0,0,0,0,1,0,0.548033993480743
1,0,0,0,0,1,0,0,0,0,0,0,0,0,1,0,0,0,0,1,0,-0.64217275504124
0,0,0,0,0,0,0,0,0,0,0,0,0,0,1,0,0,0,0,1,0,-0.16702045508056
0,0,0,1,0,0,1,0,0,0,0,0,0,0,0,0,0,0,0,1,0,0.316146117316627
0,1,0,0,0,0,0,0,0,0,0,0,0,0,0,0,0,0,0,1,0,0.463048339105699
0,0,1,0,0,0,1,0,0,0,0,0,0,0,0,0,0,1,0,1,0,0.146205586449339
0,1,0,0,0,0,0,0,0,0,0,0,0,0,0,0,0,0,0,1,0,0.463048339105699
1,0,0,1,0,0,0,0,0,0,0,0,0,0,1,0,0,0,0,1,0,-0.0812595999246741
1,0,0,0,0,0,0,0,0,0,0,0,0,0,1,0,0,0,0,1,0,-0.221388142193383
0,1,1,0,0,0,0,0,0,0,0,0,0,0,0,0,0,0,0,1,0,0.548033993480743
0,0,1,0,0,0,0,0,1,0,0,0,0,0,0,0,0,0,0,1,0,0.903350119433994
1,0,1,0,0,0,0,0,0,0,0,0,0,0,0,0,0,0,1,1,0,0.370119978846107
0,0,1,0,0,0,1,0,0,0,0,0,0,0,0,0,0,0,0,1,0,0.261003229422962
0,1,1,0,0,1,0,0,0,0,0,0,0,0,0,0,0,0,0,1,0,0.127249380632885
0,0,0,0,0,0,0,0,0,0,0,0,0,0,0,0,0,0,0,1,0,0.290868489672834
0,0,0,1,0,0,0,0,0,0,0,0,0,0,0,0,0,0,0,1,0,0.430997031941543
0,1,1,0,0,0,0,0,0,0,0,0,0,0,0,0,0,0,0,1,0,0.548033993480743
0,0,1,0,0,0,0,0,0,0,0,0,0,0,0,0,0,0,0,1,0,0.375854144047878
1,0,1,0,0,0,0,0,0,0,0,0,0,0,0,0,0,0,0,1,0,0.321486456935055
1,0,1,0,0,0,0,0,0,0,0,0,0,0,1,0,0,0,1,1,0,-0.0877689659072873
0,1,0,0,0,0,0,0,0,0,0,0,0,0,0,0,1,0,0,1,0,0.688326364237967
1,0,0,1,0,0,0,0,0,0,0,0,0,0,0,0,0,0,0,1,0,0.37662934482872
0,1,0,0,0,1,0,0,0,0,0,0,0,0,0,0,0,0,0,1,0,0.0422637262578417
1,0,0,1,0,0,0,0,0,0,0,0,0,0,0,0,0,0,0,1,0,0.37662934482872
0,1,0,0,0,0,0,0,0,0,0,0,0,0,0,0,0,0,0,1,0,0.463048339105699
1,0,0,0,0,0,0,0,0,0,0,0,0,0,1,0,0,0,0,1,0,-0.221388142193383
0,0,0,1,0,0,0,0,0,0,0,0,0,0,0,0,0,0,0,1,0,0.430997031941543
0,1,1,0,0,0,0,0,0,0,0,0,0,0,0,0,0,1,0,1,0,0.43323635050712
0,0,1,0,0,0,0,0,0,0,0,0,0,0,1,0,0,0,0,1,0,-0.0820348007055162
0,0,0,0,0,0,0,0,0,0,1,0,0,0,0,0,0,0,0,1,0,0.0410386715275415
1,0,0,0,0,0,0,0,0,0,0,0,0,0,0,0,0,0,0,1,0,0.236500802560011
0,0,0,0,0,0,0,0,1,0,0,0,0,0,0,0,0,0,0,1,0,0.818364465058951
0,0,0,1,0,1,0,0,0,0,0,0,0,0,0,0,0,1,0,1,0,-0.104585223879938
0,0,1,0,0,1,0,0,0,0,0,0,0,0,0,0,0,1,0,1,0,-0.159728111773603
0,0,0,1,0,0,1,0,0,0,0,0,0,0,0,0,0,1,0,1,0,0.201348474343004
0,0,0,0,0,0,0,0,0,0,0,0,0,0,1,0,0,0,0,1,0,-0.16702045508056
1,0,0,1,0,0,0,0,0,0,0,0,0,0,0,0,0,0,0,1,0,0.37662934482872
1,0,0,1,0,0,0,0,0,0,0,0,0,0,0,0,0,0,0,1,0,0.37662934482872
0,0,1,0,0,0,0,0,0,0,0,0,0,0,0,0,0,0,0,1,0,0.375854144047878
1,0,1,0,0,0,0,0,0,0,0,0,0,0,0,0,0,0,0,1,0,0.321486456935055
0,0,1,0,0,0,0,0,0,0,1,0,0,0,1,0,0,0,1,1,0,-0.283231096939757
1,0,1,0,0,0,1,0,0,0,0,0,0,0,0,0,0,0,0,1,0,0.206635542310139
1,0,0,0,0,0,0,0,0,0,0,0,0,0,0,0,1,0,0,1,0,0.461778827692279
1,0,1,0,0,0,1,0,0,0,0,0,0,0,1,0,0,0,0,1,0,-0.251253402443255
1,0,1,0,0,0,0,0,0,0,0,0,0,0,0,0,0,0,0,1,0,0.321486456935055
1,0,1,0,0,1,0,0,0,0,0,0,0,0,0,0,0,0,0,1,0,-0.0992981559128028
0,1,0,0,0,0,0,0,1,0,0,0,0,0,0,0,0,0,0,1,0,0.990544314491816
1,0,1,0,0,1,0,0,0,0,0,0,0,0,1,0,0,1,0,1,0,-0.67198474363982
1,0,1,0,0,0,0,0,0,0,0,0,0,0,0,0,0,0,0,1,0,0.321486456935055
0,1,1,0,0,1,0,0,0,0,0,0,0,0,0,0,0,0,0,1,0,0.127249380632885
1,0,1,0,0,0,0,0,0,0,0,0,0,0,1,0,0,1,0,1,0,-0.251200130791962
0,0,1,0,0,0,0,0,0,0,0,0,0,0,0,0,0,1,0,1,0,0.261056501074255
0,0,1,0,0,0,0,0,0,0,0,0,0,0,0,0,0,0,0,1,0,0.375854144047878
0,1,1,0,0,0,0,0,1,0,0,0,0,0,0,0,0,1,0,1,0,0.960732325893236
0,0,1,0,0,0,1,0,0,0,0,0,0,0,0,0,0,0,0,1,0,0.261003229422962
0,0,1,0,0,0,0,0,0,0,0,0,0,0,0,0,0,0,0,1,0,0.375854144047878
1,0,1,0,0,1,0,0,0,0,0,0,0,0,0,0,0,0,0,1,0,-0.0992981559128028
1,0,0,1,0,0,1,0,0,0,0,0,0,0,0,0,0,0,0,1,0,0.261778430203804
0,1,1,0,0,1,0,0,0,0,0,0,0,0,0,0,0,0,0,1,0,0.127249380632885
0,1,1,0,0,0,0,0,0,0,0,0,0,0,0,0,1,0,0,1,0,0.77331201861301
0,1,0,0,0,0,1,0,0,0,0,0,0,0,1,0,0,0,0,1,0,-0.109691520272611
1,0,0,1,0,0,0,0,0,0,0,0,0,0,1,0,0,0,0,1,0,-0.0812595999246741
0,1,0,0,0,1,0,0,0,0,0,0,0,0,0,0,0,0,0,1,0,0.0422637262578417
0,0,0,0,0,1,0,0,0,0,0,0,0,0,0,0,0,0,0,1,0,-0.129916123175023
0,1,1,0,0,0,0,0,0,0,0,0,0,0,0,0,0,0,0,1,0,0.548033993480743
0,0,1,0,0,0,0,0,0,0,0,0,0,0,0,0,1,1,0,1,0,0.486334526206522
1,0,0,1,0,0,0,0,0,0,0,0,0,0,0,0,0,0,0,1,0,0.37662934482872
0,0,1,0,0,0,0,0,0,0,0,0,0,0,0,0,0,1,0,1,0,0.261056501074255
1,0,0,1,0,0,0,0,0,0,0,0,0,0,0,0,0,1,0,1,0,0.261831701855097
0,1,1,0,0,0,0,0,0,0,0,0,0,0,1,0,0,0,0,1,0,0.0901450487273489
0,0,1,0,0,1,0,0,0,0,0,0,0,0,0,0,1,1,0,1,0,0.0655499133586649
1,0,0,0,0,0,1,0,0,0,0,0,0,0,0,0,0,0,0,1,0,0.121649887935095
1,0,0,0,0,0,0,0,0,0,0,0,0,1,1,0,0,1,0,1,0,-0.143137629676209
0,0,0,1,0,0,0,0,0,0,0,0,0,0,1,0,0,0,0,1,0,-0.0268919128118511
0,1,1,0,0,0,0,0,0,0,0,0,0,0,0,0,0,0,0,1,0,0.548033993480743
1,0,1,0,0,0,0,0,0,0,0,0,0,1,0,0,0,0,0,1,0,0.514534612425852
0,1,1,0,0,1,0,0,0,0,0,0,0,0,0,0,0,1,0,1,0,0.0124517376592622
0,1,0,1,0,1,0,0,0,0,0,0,0,0,0,0,0,0,0,1,0,0.18239226852655
0,0,1,0,0,0,0,0,0,0,0,0,0,0,0,0,0,0,0,1,0,0.375854144047878
1,0,1,0,0,0,1,0,0,0,0,0,0,0,0,0,0,1,0,1,0,0.0918378993365158
0,0,0,1,0,0,1,0,0,0,0,0,0,0,0,0,0,0,0,1,0,0.316146117316627
0,0,1,0,0,1,0,0,0,0,0,0,0,0,0,0,0,1,0,1,0,-0.159728111773603
1,0,0,0,0,1,0,0,0,0,0,0,0,0,0,0,0,0,0,1,0,-0.184283810287846
1,0,0,0,0,0,0,0,0,0,0,0,0,1,0,0,0,0,0,1,0,0.429548958050808
1,0,0,1,0,0,0,0,0,0,1,0,0,0,0,0,0,1,0,1,0,0.012001883709804
1,0,0,1,0,0,0,0,1,0,0,0,0,0,0,0,0,0,0,1,0,0.904125320214836
0,1,0,0,0,1,1,0,0,0,0,0,0,1,0,0,0,0,0,1,0,0.120460967123723
0,0,0,0,0,1,0,0,0,0,0,0,0,0,1,0,0,0,1,1,0,-0.539171546017365
1,0,0,1,0,0,1,0,0,0,0,0,0,0,1,0,0,0,0,1,0,-0.19611051454959
0,0,1,0,0,0,0,0,0,0,0,0,0,0,0,0,0,0,0,1,0,0.375854144047878
