0,0,0,0,0,0,0,0,0,0,0,0,0,0,0,0,0,0,0,1,0,1
1,0,0,1,1,0,0,0,1,0,0,0,0,0,0,0,0,0,0,1,1,1.1698879712121
1,0,1,0,1,0,0,0,1,0,0,0,0,0,0,0,0,0,0,1,1,1.16129838310243
1,0,1,0,1,0,0,0,0,0,0,0,1,0,0,0,0,0,0,1,1,0.963700431382144
0,0,1,0,0,0,0,0,0,0,0,1,0,0,0,0,0,0,0,1,1,1.26610136882686
0,1,0,1,0,0,0,0,0,1,0,0,0,0,0,0,1,0,0,1,1,0.763825539389544
0,1,1,0,0,0,0,0,1,0,0,0,0,1,0,0,0,0,0,1,1,1.10110314008831
1,0,1,0,0,1,0,1,1,0,0,0,0,0,0,0,0,0,0,1,1,0.416288537167147
0,1,1,0,0,0,0,0,0,0,0,0,0,0,0,0,0,0,1,1,1,0.743900046098931
0,1,1,0,0,0,0,0,0,0,0,1,0,0,0,0,0,0,0,1,1,0.764309741912554
0,1,1,0,0,0,0,0,1,0,0,0,0,0,0,0,0,0,1,1,1,1.06427924710525
0,1,1,0,0,0,0,0,0,0,0,0,0,0,0,0,1,0,0,1,1,0.655386119454813
0,1,0,1,0,0,0,0,0,0,0,0,0,0,1,0,1,0,0,1,1,0.570869996012594
0,1,1,0,0,0,0,0,0,0,0,0,0,1,0,1,1,0,0,1,1,0.647340477745673
0,0,0,1,0,0,0,1,0,0,0,0,0,0,0,1,0,0,0,1,1,0.755236069092171
1,0,0,1,0,0,0,0,1,0,0,0,1,1,0,0,1,0,1,1,1,1.67710545923426
1,0,1,0,0,0,0,1,0,0,0,0,0,0,0,0,1,0,0,1,1,0.734355870510617
1,0,0,0,0,0,0,0,0,0,0,0,0,1,0,0,0,0,0,1,1,0.821558390660937
0,1,1,0,0,0,0,0,0,0,0,1,0,1,0,0,0,0,0,1,1,1.04775291869778
1,0,0,1,0,0,0,0,0,0,0,0,0,1,0,0,0,0,0,1,1,0.829220367981689
0,1,1,0,1,1,0,0,1,0,0,0,0,0,0,1,0,0,1,1,1,0.596180830428461
1,0,0,1,0,0,1,0,0,0,0,0,0,0,0,0,0,0,0,1,1,0.426210613188432
0,1,1,0,0,0,1,0,1,0,0,0,0,0,0,0,1,0,0,1,1,0.856198742453101
0,1,0,0,0,1,0,0,0,0,0,0,0,0,1,0,0,0,0,1,1,-0.0752385156579494
0,1,1,0,0,0,0,0,0,0,0,0,0,0,0,0,0,0,0,1,1,0.497280762296766
1,0,0,1,0,0,0,1,1,0,0,1,0,0,0,0,0,0,1,1,1,1.41886756588652
0,1,0,1,0,0,0,1,0,1,0,0,0,0,0,0,0,0,1,1,1,0.891402376299446
0,1,1,0,0,1,0,0,0,0,0,0,0,0,0,0,1,0,0,1,1,0.175044942263069
1,0,1,0,0,0,1,1,0,0,1,0,0,0,0,0,0,0,1,1,1,0.148407199954804
1,0,0,1,0,0,0,1,0,0,0,0,0,0,0,0,1,0,0,1,1,0.742945458620296
0,1,0,1,0,0,0,0,0,0,0,0,0,0,0,0,0,0,0,1,1,0.505870350406445
0,1,0,1,1,0,0,0,0,0,0,0,0,0,0,1,0,0,0,1,1,0.518113110921398
0,1,0,1,0,0,0,1,0,0,0,0,1,0,0,0,0,0,0,1,1,0.667714509958268
1,0,1,0,0,0,0,0,0,0,0,0,0,0,0,1,0,0,0,1,1,0.245698784592421
0,0,0,1,0,0,0,0,0,0,0,0,0,0,0,0,0,1,1,1,1,1.11135059646859
0,1,0,1,0,0,0,0,0,0,0,0,0,1,0,0,1,0,0,1,1,0.947418884349716
1,0,1,0,0,0,0,0,0,0,0,0,0,0,0,0,0,0,0,1,1,0.537187603086786
1,0,1,0,1,0,0,1,0,0,0,0,0,0,0,0,0,0,1,1,1,1.12660137616405
1,0,0,1,0,0,0,0,0,0,0,0,0,0,0,0,0,0,0,1,1,0.545777191196465
1,0,1,0,0,0,0,0,0,0,0,0,0,0,0,0,1,0,0,1,1,0.695292960244833
0,1,0,0,1,1,0,0,0,0,0,1,0,0,0,1,0,0,0,1,1,0.297138936024689
1,0,0,1,0,0,0,0,0,0,0,0,0,0,0,0,1,0,0,1,1,0.703882548354511
1,0,0,1,0,0,0,0,0,0,0,0,1,0,0,0,0,0,0,1,1,0.668558440482504
0,1,0,1,0,0,0,0,0,0,0,0,0,0,0,0,0,1,0,1,1,0.362939685752122
0,1,0,1,0,0,0,1,0,0,0,0,0,0,0,0,0,0,0,1,1,0.544933260672229
1,0,0,1,0,0,1,0,0,1,0,0,0,0,0,0,0,0,1,1,1,0.772679728815648
0,1,1,0,0,0,0,0,0,0,0,0,0,0,0,0,0,0,0,1,1,0.497280762296766
0,1,1,0,0,0,0,1,0,0,0,1,0,0,0,0,0,1,1,1,1,0.907061271326179
0,1,0,0,0,0,0,1,0,0,0,0,0,0,0,0,0,0,0,1,1,0.537271283351477
1,0,1,0,0,0,0,0,0,0,0,1,0,1,0,0,0,0,0,1,1,1.0876597594878
0,1,1,0,1,0,0,0,1,0,0,0,0,1,0,1,1,0,0,1,1,1.27145125776131
1,0,0,1,0,0,0,1,0,0,0,0,0,0,0,0,1,0,0,1,1,0.742945458620296
1,0,1,0,0,0,0,0,0,0,0,0,0,0,0,0,0,0,0,1,1,0.537187603086786
0,0,1,0,0,0,0,1,0,0,0,0,0,0,0,0,0,0,0,1,1,1.03813529947686
0,1,1,0,0,0,0,0,0,0,0,0,0,0,0,0,0,0,1,1,1,0.743900046098931
0,1,1,0,1,0,1,0,1,0,0,0,0,0,0,0,1,0,0,1,1,1.15993032146242
0,0,1,0,1,0,0,1,1,0,0,0,0,0,0,0,0,0,0,1,1,1.6622460794925
1,0,0,0,0,0,0,0,0,0,0,0,0,1,0,0,0,0,0,1,1,0.821558390660937
0,1,1,0,0,0,0,1,0,0,0,1,0,0,0,0,0,0,0,1,1,0.803372652178338
0,0,0,1,0,0,0,0,0,0,0,0,0,0,0,0,0,0,0,1,1,1.00766197732075
1,0,0,0,0,1,0,1,1,0,0,0,0,0,0,0,0,0,0,1,0,0.417216147956073
0,1,1,0,0,0,0,0,0,0,0,0,0,0,0,0,1,0,1,1,0,0.902005403256978
0,1,0,1,0,0,0,0,0,0,0,0,0,1,0,0,1,0,1,1,0,1.19403816815188
1,0,0,1,0,0,0,1,0,0,0,0,0,0,0,0,0,0,0,1,0,0.584840101462249
0,1,0,1,0,0,0,0,0,0,0,0,0,1,0,0,1,0,1,1,0,1.19403816815188
1,0,0,1,0,0,0,0,0,0,0,0,0,0,0,0,0,0,0,1,0,0.545777191196465
1,0,0,1,0,0,0,0,0,0,1,0,0,0,0,1,0,0,0,1,0,-0.300607646489799
1,0,0,1,0,0,0,0,0,0,0,0,0,0,0,0,1,0,1,1,0,0.950501832156676
0,0,0,1,0,0,0,0,0,0,0,1,0,0,0,0,0,1,0,1,0,1.13176029228222
1,0,0,1,0,0,0,1,0,0,0,0,0,1,0,0,0,0,0,1,0,0.868283278247473
0,1,1,0,0,0,0,0,1,0,0,0,0,0,0,0,0,0,0,1,0,0.817659963303087
0,1,1,0,0,0,0,0,0,0,0,0,0,1,0,1,0,0,1,1,0,0.73585440438979
0,0,0,1,0,0,0,0,0,0,0,0,1,0,0,0,0,0,0,1,0,1.13044322660679
1,0,0,0,0,0,0,1,0,0,0,0,0,0,1,0,0,0,0,1,0,0.484072412589599
1,0,1,0,0,0,0,0,0,0,0,1,0,0,0,0,0,0,0,1,0,0.804216582702574
0,1,0,1,0,0,0,0,1,0,0,0,0,0,1,0,0,0,1,1,0,0.979763123663032
1,0,0,1,0,0,0,1,1,0,0,0,0,1,0,0,0,0,0,1,0,1.18866247925379
0,1,0,1,0,0,0,0,0,0,0,0,0,1,0,0,0,0,0,1,0,0.789313527191669
0,1,0,1,1,0,0,0,0,0,0,0,0,0,0,0,0,0,1,1,0,1.05622121321793
0,1,0,0,0,0,0,1,0,0,0,0,0,0,0,0,0,0,0,1,0,0.537271283351477
0,1,0,1,0,0,0,0,1,0,0,0,0,0,0,0,0,0,0,1,0,0.826249551412766
0,1,1,0,0,0,0,0,0,0,0,0,0,0,0,0,1,0,0,1,0,0.655386119454813
1,0,1,0,0,0,0,0,0,1,0,0,0,0,0,0,0,0,0,1,0,0.637037434911838
0,0,0,0,1,0,0,0,0,0,0,1,0,0,0,0,0,0,0,1,0,1.57076055862511
0,1,0,1,0,0,1,0,0,0,0,0,0,0,0,0,0,0,0,1,0,0.386303772398412
0,1,1,0,0,0,0,0,0,0,0,1,0,0,0,0,1,0,0,1,0,0.922415099070601
0,1,0,1,1,0,0,1,1,0,0,1,0,1,0,0,0,0,0,1,0,1.71951619708888
0,0,0,1,0,0,0,0,0,0,0,0,0,0,0,0,0,0,0,1,0,1.00766197732075
0,1,1,0,1,0,0,0,1,0,0,0,0,1,0,0,1,0,0,1,0,1.56294007625568
0,0,0,1,0,0,0,0,0,0,0,0,1,0,0,0,0,0,0,1,0,1.13044322660679
1,0,1,0,1,0,1,0,0,1,0,0,0,0,0,0,0,0,0,1,0,0.821202435913124
0,1,0,1,0,0,0,0,1,0,0,0,0,0,0,0,0,0,0,1,0,0.826249551412766
0,1,1,0,0,0,0,1,0,0,0,1,0,0,0,0,0,1,1,1,0,0.907061271326179
0,1,0,1,0,0,0,0,0,0,0,0,0,1,0,0,1,0,0,1,0,0.947418884349716
1,0,1,0,0,0,1,0,0,0,0,0,0,0,0,0,1,0,1,1,0,0.822345666038965
1,0,0,1,0,0,0,0,0,0,0,0,0,0,0,0,0,0,0,1,0,0.545777191196465
0,1,0,1,0,0,0,0,1,0,0,0,0,0,0,0,0,0,0,1,0,0.826249551412766
0,1,0,0,0,0,0,0,0,0,0,0,0,0,0,0,0,0,0,1,0,0.498208373085693
1,0,1,0,0,0,0,1,0,0,0,0,0,0,0,0,1,0,0,1,0,0.734355870510617
0,0,0,1,0,0,1,0,0,0,0,0,0,0,0,0,0,0,0,1,0,0.888095399312719
1,0,1,0,0,0,0,0,0,1,0,0,0,0,0,0,0,0,0,1,0,0.637037434911838
1,0,1,0,0,0,0,1,0,0,0,0,0,0,0,0,0,0,0,1,0,0.57625051335257
0,1,0,1,0,0,0,0,0,0,0,1,0,0,1,1,0,0,0,1,0,0.388304799975969
0,1,1,0,0,0,1,0,0,0,0,0,0,0,0,0,0,0,0,1,0,0.377714184288734
1,0,0,1,0,0,0,0,1,1,0,0,0,0,0,0,0,0,0,1,0,0.966006224027838
0,0,1,0,0,0,0,0,0,0,1,0,0,0,0,0,0,0,1,1,0,0.69079565382134
1,0,0,1,0,0,0,0,1,0,0,0,0,0,0,0,1,0,0,1,0,1.02426174936083
1,0,0,1,0,0,0,0,0,0,0,0,0,0,0,0,0,0,1,1,0,0.792396474998629
0,1,1,0,1,0,0,0,0,0,0,0,0,0,0,0,0,0,1,1,0,1.04763162510825
0,1,0,1,0,0,0,0,1,0,0,1,0,0,0,0,0,0,0,1,0,1.09327853102855
1,0,1,0,1,0,0,0,0,0,0,1,0,0,0,0,0,0,0,1,0,1.10794816171189
1,0,1,0,0,0,0,0,0,0,0,0,0,0,0,0,0,0,0,1,0,0.537187603086786
1,0,1,0,0,0,0,0,0,0,0,1,0,0,0,1,0,0,0,1,0,0.512727764208209
0,1,0,1,0,0,0,0,0,0,0,0,0,0,0,0,0,0,0,1,0,0.505870350406445
1,0,0,1,0,0,0,1,0,0,0,0,0,0,0,0,0,0,0,1,0,0.584840101462249
1,0,0,1,0,0,0,0,0,0,0,0,0,0,0,0,0,0,0,1,0,0.545777191196465
1,0,1,0,0,0,0,0,0,0,0,0,0,1,0,0,0,0,0,1,0,0.820630779872011
1,0,0,1,0,0,0,0,0,0,0,1,0,0,0,0,0,0,0,1,0,0.812806170812252
0,1,1,0,0,0,0,0,0,1,0,1,0,0,0,0,0,0,1,1,0,1.11077885753977
0,0,1,0,0,0,0,0,0,0,0,0,0,0,0,0,0,0,1,1,0,1.24569167301324
1,0,1,0,0,0,1,0,0,0,1,0,0,0,0,0,0,0,1,1,0,0.10934428968902
0,1,0,1,0,1,0,0,0,0,0,1,0,0,0,0,0,0,0,1,0,0.292558152830488
1,0,0,1,0,0,0,0,0,0,0,0,0,0,0,0,0,0,1,1,0,0.792396474998629
1,0,1,0,0,0,0,1,1,0,0,0,0,0,0,0,0,0,0,1,0,0.896629714358891
0,1,0,1,0,0,0,0,0,0,0,0,0,0,0,0,0,0,0,1,0,0.505870350406445
0,1,1,0,1,0,0,1,0,0,0,0,1,0,0,0,0,0,1,1,0,1.20947578466007
0,0,0,1,0,0,0,0,0,0,0,0,0,0,0,0,0,0,0,1,0,1.00766197732075
0,1,0,0,0,0,0,0,0,0,0,0,0,0,0,0,0,0,0,1,0,0.498208373085693
0,1,1,0,0,0,0,0,1,0,1,0,0,1,0,0,0,0,1,1,0,0.792826404698578
1,0,1,0,0,0,0,1,0,0,0,0,0,0,1,0,1,0,0,1,0,0.641250158958719
0,1,0,1,1,0,1,1,0,1,0,0,0,0,0,0,0,0,0,1,0,0.828948093498567
1,0,1,0,0,0,0,0,1,0,1,0,0,1,0,0,1,0,0,1,0,0.74421931884448
0,1,1,0,0,0,0,1,0,0,0,1,0,0,0,0,1,0,0,1,0,0.961478009336385
0,0,1,0,0,0,0,0,0,0,0,0,0,0,0,0,0,0,1,1,0,1.24569167301324
1,0,1,0,0,0,0,0,0,0,0,0,0,0,0,0,0,0,0,1,0,0.537187603086786
0,1,1,0,0,0,0,0,1,0,0,0,0,0,0,0,0,0,0,1,0,0.817659963303087
1,0,1,0,0,0,0,0,0,0,0,0,0,0,0,0,0,0,0,1,0,0.537187603086786
0,1,0,0,0,0,0,0,0,0,0,0,0,0,0,0,0,0,0,1,0,0.498208373085693
1,0,1,0,0,0,0,0,1,0,0,0,0,0,0,0,0,0,0,1,0,0.857566804093107
1,0,1,0,0,0,0,1,0,0,0,0,0,0,0,0,1,0,0,1,0,0.734355870510617
0,0,1,0,0,0,0,1,0,0,0,0,0,0,0,0,0,0,0,1,0,1.03813529947686
0,1,0,1,1,0,0,0,1,0,0,0,0,0,0,0,1,0,0,1,0,1.28808648758013
0,0,0,1,1,0,0,0,0,0,0,0,0,0,0,0,0,0,0,1,0,1.31139355633007
0,1,1,0,0,0,0,0,0,0,0,0,0,0,0,0,0,0,0,1,0,0.497280762296766
1,0,1,0,0,0,1,1,0,0,0,0,0,0,0,0,0,0,0,1,0,0.456683935344538
0,1,0,1,0,0,0,0,0,0,0,0,0,1,0,0,1,0,0,1,0,0.947418884349716
0,1,0,1,1,0,0,0,0,0,0,0,0,0,0,0,0,0,0,1,0,0.809601929415763
0,1,1,0,0,0,0,0,0,0,0,0,0,0,0,0,0,0,0,1,0,0.497280762296766
0,1,1,0,1,1,0,0,1,0,0,0,0,0,0,0,1,0,0,1,0,0.799155722278708
1,0,1,0,0,0,0,0,0,0,0,0,0,0,0,0,1,0,1,1,0,0.941912244046997
0,1,1,0,0,0,0,0,0,0,0,1,0,0,0,0,1,0,0,1,0,0.922415099070601
0,1,0,1,0,0,0,0,0,0,0,0,0,0,0,0,0,1,0,1,0,0.362939685752122
1,0,0,0,0,0,0,0,0,0,0,1,0,0,0,0,1,0,0,1,0,0.963249550649547
0,1,0,1,0,0,0,0,0,0,0,0,0,0,0,0,1,0,0,1,0,0.663975707564492
0,1,1,0,0,0,0,0,0,0,0,0,0,0,1,0,0,0,1,1,0,0.650794334547033
0,1,1,0,0,0,0,0,0,0,0,0,0,0,0,0,1,0,0,1,0,0.655386119454813
0,1,1,0,0,0,0,1,0,0,0,0,0,1,0,0,0,0,0,1,0,0.819786849347775
0,0,0,0,0,0,0,0,0,0,0,1,0,0,0,0,0,0,1,1,0,1.51364826341795
0,0,0,1,0,0,0,0,1,0,0,0,0,0,0,0,0,0,0,1,0,1.32804117832707
1,0,1,0,0,0,0,0,1,0,0,1,0,0,1,0,0,0,1,1,0,1.27810935595916
0,1,1,0,0,0,0,0,1,0,0,1,0,0,0,1,0,0,1,1,0,1.03981940822667
1,0,0,1,0,0,1,0,0,0,0,0,0,0,0,0,0,0,0,1,0,0.426210613188432
1,0,0,1,0,0,0,0,0,0,0,0,0,0,0,0,0,1,0,1,0,0.402846526542141
0,1,1,0,0,0,1,0,0,0,0,0,0,0,0,0,0,0,1,1,0,0.624333468090898
1,0,0,1,0,0,0,0,0,0,0,0,0,0,0,0,1,0,0,1,0,0.703882548354511
0,1,1,0,0,0,0,0,1,0,0,0,0,1,0,0,1,0,0,1,0,1.25920849724636
1,0,1,0,1,0,0,1,0,0,0,0,0,0,0,1,0,0,1,1,0,0.835112557669688
0,0,1,0,0,0,0,0,1,0,0,0,0,0,0,0,0,0,0,1,0,1.31945159021739
1,0,0,1,0,0,0,0,0,0,0,0,0,0,0,0,0,0,0,1,0,0.545777191196465
0,0,0,0,0,0,0,0,0,0,0,0,0,0,0,0,0,0,0,1,0,1
0,1,0,1,0,0,0,0,0,0,0,0,0,0,0,0,0,0,0,1,0,0.505870350406445
1,0,1,0,0,0,0,0,0,0,0,0,0,0,0,1,1,0,0,1,0,0.403804141750468
1,0,0,1,0,0,0,0,0,0,0,0,0,0,0,0,0,0,0,1,0,0.545777191196465
1,0,0,1,0,0,0,0,0,0,0,0,0,0,0,0,0,0,0,1,0,0.545777191196465
0,1,1,0,1,0,0,0,0,0,0,0,0,0,0,0,0,0,1,1,0,1.04763162510825
0,1,0,1,0,0,0,0,0,0,0,0,0,0,0,0,0,0,0,1,0,0.505870350406445
0,0,0,1,0,0,0,0,0,0,0,0,0,1,0,0,0,0,0,1,0,1.29110515410598
0,0,0,1,0,0,0,0,0,0,0,0,0,0,0,1,1,0,1,1,0,1.1208977997866
0,1,1,0,0,0,0,0,1,0,0,0,0,0,0,0,0,0,0,1,0,0.817659963303087
0,1,1,0,0,0,0,0,0,0,0,0,0,0,1,0,0,0,0,1,0,0.404175050744868
0,1,1,0,1,0,0,0,1,0,0,0,0,0,0,0,0,0,1,1,0,1.36801082611457
0,1,1,0,0,0,0,0,1,0,0,0,1,0,0,0,1,0,0,1,0,1.09854656974717
0,1,0,0,0,0,0,1,1,0,0,0,0,0,0,0,0,0,0,1,0,0.857650484357798
0,1,0,1,0,0,0,1,0,0,0,0,0,0,0,0,1,0,1,1,0,0.94965790163244
1,0,0,1,0,0,0,0,0,0,0,1,0,0,0,1,0,0,1,1,0,0.767936636120051
0,1,1,0,0,0,1,0,0,0,0,0,0,0,1,1,1,0,0,1,0,0.151225011400517
0,0,1,0,1,0,0,0,0,0,0,0,0,0,0,0,1,0,0,1,0,1.46090932537844
0,1,0,1,0,0,0,0,0,0,0,0,0,0,0,0,0,0,0,1,0,0.505870350406445
1,0,0,0,1,0,0,0,0,0,0,1,0,0,0,1,0,0,1,1,0,1.06400623780862
1,0,0,1,0,0,0,1,0,0,0,0,0,1,0,0,0,0,1,1,0,1.11490256204964
1,0,1,0,0,0,0,0,0,0,0,1,0,0,0,0,0,0,1,1,0,1.05083586650474
1,0,0,1,1,0,0,0,0,0,0,0,0,0,0,0,0,0,0,1,0,0.849508770205783
0,1,0,0,0,0,0,1,0,0,0,0,0,0,0,0,0,0,0,1,0,0.537271283351477
0,1,1,0,0,0,0,1,1,0,0,0,0,0,1,0,0,0,0,1,0,0.763617162016973
0,1,0,1,0,0,0,0,1,0,0,0,0,0,0,0,0,0,0,1,0,0.826249551412766
0,1,0,1,0,0,0,0,0,0,0,0,0,0,0,1,0,0,0,1,0,0.21438153191208
1,0,0,1,0,0,1,1,0,0,0,0,0,0,0,0,0,0,0,1,0,0.465273523454216
1,0,1,0,1,0,0,0,0,0,0,0,0,1,0,0,1,0,0,1,0,1.28246771603938
0,1,0,0,0,0,0,0,0,0,0,0,0,1,0,0,0,0,0,1,0,0.781651549870917
0,1,0,0,0,1,0,0,0,0,0,0,0,0,0,0,0,0,0,1,0,0.0178671958939486
1,0,1,0,0,0,0,0,0,0,0,0,0,0,0,0,0,0,1,1,0,0.783806886888951
0,1,1,0,0,0,0,1,0,0,0,0,0,0,0,0,0,0,0,1,0,0.536343672562551
0,1,1,0,0,0,0,0,1,0,0,0,0,0,0,0,0,0,0,1,0,0.817659963303087
1,0,1,0,0,0,0,1,0,0,0,0,0,0,1,0,0,0,0,1,0,0.483144801800672
1,0,1,0,0,0,0,1,0,0,0,0,0,0,0,0,0,0,0,1,0,0.57625051335257
0,1,0,1,0,0,0,0,0,0,0,1,0,0,0,0,0,0,0,1,0,0.772899330022232
0,1,1,0,0,0,0,0,0,0,0,0,0,0,0,0,0,0,0,1,0,0.497280762296766
0,1,0,1,0,0,0,0,0,0,0,0,0,0,0,0,0,0,1,1,0,0.752489634208609
0,0,0,1,0,0,0,0,0,0,0,0,0,0,0,0,0,0,0,1,0,1.00766197732075
0,0,1,0,0,0,0,0,0,0,0,0,0,0,0,0,0,1,0,1,0,0.85614172455675
1,0,1,0,1,0,0,0,0,0,0,0,0,0,0,0,0,0,0,1,0,0.840919182096105
0,1,1,0,0,0,0,1,0,0,0,0,0,1,0,0,0,0,0,1,0,0.819786849347775
1,0,0,1,0,0,0,0,0,0,0,0,0,0,0,0,1,0,0,1,0,0.703882548354511
0,1,1,0,0,0,0,0,0,0,0,0,0,1,0,0,0,0,1,1,0,1.02734322288416
0,1,0,1,0,0,1,0,0,0,0,0,0,1,0,0,0,0,0,1,0,0.669746949183637
0,1,0,1,0,0,0,0,0,0,0,0,0,0,0,1,0,0,0,1,0,0.21438153191208
0,0,0,1,1,0,0,0,0,0,0,0,0,0,0,1,1,0,0,1,0,1.17801009499375
0,1,1,0,0,0,0,0,0,0,0,0,0,0,0,0,0,0,1,1,0,0.743900046098931
1,0,1,0,0,0,0,1,0,0,0,1,0,0,0,0,0,0,1,1,0,1.08989877677052
0,1,0,0,0,0,0,0,0,0,0,0,0,0,0,0,0,0,1,1,0,0.744827656887857
0,1,0,1,0,0,0,0,0,0,0,0,0,0,0,0,0,0,0,1,0,0.505870350406445
0,1,0,0,0,0,0,0,0,0,0,0,0,0,0,1,0,0,0,1,0,0.206719554591328
1,0,1,0,0,0,0,1,0,0,0,0,0,0,0,0,0,0,1,1,0,0.822869797154735
0,1,1,0,0,0,0,0,1,0,0,1,0,0,0,0,0,0,0,1,0,1.08468894291887
1,0,0,0,0,0,0,0,0,0,0,0,0,0,0,0,1,0,0,1,0,0.696220571033759
1,0,0,1,0,0,0,0,0,0,0,0,0,0,0,0,0,0,0,1,0,0.545777191196465
1,0,0,1,0,0,0,1,1,0,0,0,0,0,0,0,0,0,0,1,0,0.90521930246857
0,1,1,0,0,0,0,0,0,0,0,0,0,0,0,0,1,0,0,1,0,0.655386119454813
0,1,0,0,0,0,0,0,0,0,0,0,0,1,0,0,0,0,0,1,0,0.781651549870917
1,0,0,0,0,0,0,0,0,0,0,0,0,0,0,0,0,0,1,1,0,0.784734497677877
0,0,0,0,0,0,0,0,0,0,1,0,0,0,0,0,1,0,0,1,0,0.603209337966149
1,0,0,1,0,0,1,0,1,0,0,0,0,0,0,0,0,0,0,1,0,0.746589814194753
1,0,0,1,1,0,0,0,0,0,0,0,0,0,1,0,0,0,0,1,0,0.756403058653885
1,0,1,0,1,0,0,0,1,0,0,0,0,0,0,1,0,0,1,1,0,1.11642884841022
0,1,1,0,0,0,0,0,0,0,0,0,0,0,0,0,0,0,0,1,0,0.497280762296766
0,0,0,1,1,0,0,0,0,0,0,0,0,1,0,1,1,0,1,1,0,1.70807255558114
1,0,1,0,0,0,0,0,0,1,0,0,1,0,0,0,0,0,0,1,0,0.759818684197878
0,1,0,1,0,0,1,0,0,0,0,0,0,1,0,0,0,0,1,1,0,0.916366232985801
0,1,0,1,0,0,0,0,0,0,0,0,0,0,0,0,0,0,0,1,0,0.505870350406445
0,1,0,1,0,0,0,0,0,0,0,0,0,0,0,0,0,0,0,1,0,0.505870350406445
0,0,1,0,0,0,0,1,0,0,0,0,0,0,0,0,0,0,0,1,0,1.03813529947686
0,1,0,1,0,0,0,0,1,0,0,0,0,0,0,0,0,1,0,1,0,0.683318886758442
0,1,1,0,0,0,0,0,0,0,0,1,0,0,0,0,0,0,0,1,0,0.764309741912554
0,1,0,1,0,0,0,0,0,0,0,0,0,0,0,0,0,0,0,1,0,0.505870350406445
1,0,0,1,0,0,0,0,0,0,0,0,0,0,0,0,0,0,0,1,0,0.545777191196465
0,1,0,1,0,0,0,0,1,0,0,0,0,0,0,0,0,0,1,1,0,1.07286883521493
0,1,1,0,0,0,1,0,1,0,0,0,0,0,0,0,1,0,0,1,0,0.856198742453101
1,0,0,1,0,0,0,0,0,0,0,0,0,0,0,0,0,0,0,1,0,0.545777191196465
1,0,1,0,0,0,0,0,0,0,0,0,0,1,0,1,0,0,0,1,0,0.529141961377646
1,0,1,0,1,0,0,0,1,0,0,0,0,0,0,1,1,0,0,1,0,1.02791492176611
1,0,0,1,0,0,0,0,0,0,0,0,0,0,0,0,0,0,0,1,0,0.545777191196465
1,0,1,0,0,0,0,0,0,0,0,0,0,0,0,1,1,0,0,1,0,0.403804141750468
1,0,1,0,0,0,0,0,0,0,0,0,0,0,0,0,0,0,0,1,0,0.537187603086786
0,1,0,1,0,0,0,0,1,0,0,0,0,1,0,0,0,0,0,1,0,1.10969272819799
0,1,0,0,0,0,0,0,1,0,0,0,1,0,0,0,1,0,0,1,0,1.0994741805361
0,1,1,0,1,0,0,0,0,0,0,0,0,0,0,1,0,0,0,1,0,0.50952352281172
0,1,0,1,0,1,0,1,0,0,0,0,0,0,0,0,0,0,0,1,0,0.0645920834804848
1,0,0,1,0,0,0,0,0,0,0,0,0,0,0,0,0,0,0,1,0,0.545777191196465
0,1,0,0,0,0,0,0,0,0,0,0,0,0,0,0,0,0,0,1,0,0.498208373085693
1,0,0,0,0,0,0,1,0,0,0,0,0,1,0,1,0,0,1,1,0,0.815751766234521
1,0,0,1,0,0,0,0,0,0,0,0,0,0,0,0,1,0,0,1,0,0.703882548354511
0,1,0,1,0,0,0,0,0,0,0,0,0,0,0,0,0,0,1,1,0,0.752489634208609
0,0,0,1,0,0,0,1,0,0,0,0,0,0,0,0,0,0,0,1,0,1.04672488758654
0,1,0,1,0,0,0,0,0,0,0,0,0,0,0,0,0,0,1,1,0,0.752489634208609
0,0,0,1,0,0,1,0,1,0,0,0,0,1,0,0,0,0,0,1,0,1.49191777710426
1,0,1,0,0,0,0,0,0,0,0,0,0,1,0,0,1,0,0,1,0,0.978736137030058
0,0,1,0,0,0,0,0,0,0,0,0,0,0,0,0,0,0,0,1,0,0.999072389211074
1,0,0,1,0,0,0,0,0,0,0,0,0,0,0,0,1,0,0,1,0,0.703882548354511
0,1,1,0,0,0,0,1,0,0,0,0,1,0,0,0,0,0,0,1,0,0.65912492184859
0,1,0,1,0,0,0,0,0,0,0,0,0,0,0,0,0,0,0,1,0,0.505870350406445
0,1,1,0,1,0,0,1,0,0,0,0,0,0,0,0,0,0,0,1,0,0.840075251571869
1,0,1,0,0,0,0,0,0,0,0,0,0,0,0,0,0,0,0,1,0,0.537187603086786
0,1,1,0,0,0,0,1,1,0,0,0,0,0,0,0,0,0,0,1,0,0.856722873568872
1,0,1,0,0,0,0,0,1,0,0,0,0,0,0,0,0,0,0,1,0,0.857566804093107
0,1,0,0,0,0,0,0,1,0,0,0,1,0,0,0,0,0,0,1,0,0.941368823378053
0,1,0,1,0,0,0,0,1,0,0,0,0,0,0,0,0,0,0,1,0,0.826249551412766
0,1,1,0,0,0,0,0,0,0,0,0,0,0,0,0,0,0,1,1,0,0.743900046098931
0,1,1,0,0,0,0,0,1,0,0,0,1,1,0,0,0,0,0,1,0,1.22388438937435
0,1,0,1,0,0,0,0,0,0,0,0,1,0,0,0,0,0,0,1,0,0.628651599692484
0,1,0,1,0,0,0,0,0,0,0,0,0,0,0,0,0,0,1,1,0,0.752489634208609
0,1,0,1,0,0,0,1,0,0,0,0,0,0,0,0,0,0,0,1,0,0.544933260672229
1,0,0,1,0,0,0,0,0,0,0,0,0,1,0,0,0,0,1,1,0,1.07583965178385
1,0,1,0,0,0,0,0,0,0,0,0,0,0,0,0,0,0,0,1,0,0.537187603086786
0,1,0,1,0,0,0,0,0,0,0,0,0,0,0,0,0,0,0,1,0,0.505870350406445
0,1,1,0,0,0,0,0,0,0,0,0,0,1,0,0,0,0,1,1,0,1.02734322288416
0,0,1,0,0,0,0,0,0,0,0,0,0,1,0,0,0,0,0,1,0,1.2825155659963
0,0,0,1,0,0,0,1,1,0,0,0,0,0,0,0,0,1,0,1,0,1.22417342393853
0,1,1,0,0,0,0,0,1,0,0,0,0,0,0,0,0,0,1,1,0,1.06427924710525
1,0,0,1,1,0,0,0,1,0,0,1,1,0,1,0,0,0,0,1,0,1.46659248856203
0,1,0,1,0,0,1,1,1,0,0,0,0,0,0,0,0,0,0,1,0,0.745745883670517
0,0,1,0,1,0,0,0,0,1,0,1,0,0,0,0,0,0,0,1,0,1.66968277966123
0,1,1,0,0,0,0,0,0,0,0,0,0,0,1,1,0,0,1,1,0,0.359305516052668
0,1,1,0,0,0,0,0,0,0,0,1,0,0,1,1,0,0,0,1,0,0.379715211866291
1,0,1,0,0,0,0,0,0,0,0,0,0,0,0,0,0,0,0,1,0,0.537187603086786
1,0,1,0,1,0,0,0,0,0,0,0,0,0,0,1,0,0,0,1,0,0.54943036360174
1,0,0,1,1,0,0,0,1,0,0,0,0,1,0,0,1,0,1,1,0,1.85805578895754
0,1,1,0,0,1,0,1,0,0,0,0,0,1,0,0,1,0,0,1,0,0.497551029314078
0,1,0,0,0,0,0,1,1,0,0,0,0,0,0,0,0,0,0,1,0,0.857650484357798
0,1,0,1,0,0,0,0,0,0,0,0,0,0,0,0,0,0,0,1,0,0.505870350406445
0,1,0,0,0,0,0,0,0,0,0,0,0,0,0,1,0,0,0,1,0,0.206719554591328
0,1,1,0,0,0,0,0,0,0,0,0,0,0,0,1,0,0,0,1,0,0.205791943802401
1,0,1,0,0,0,0,0,0,0,0,0,0,0,0,1,0,1,1,1,0,0.349387403740262
0,1,1,0,0,0,0,0,0,0,0,0,0,0,0,0,1,0,0,1,0,0.655386119454813
1,0,1,0,0,0,0,0,0,0,0,0,0,0,0,0,0,0,0,1,0,0.537187603086786
0,1,1,0,1,0,0,0,0,0,0,0,0,0,0,0,0,0,0,1,0,0.801012341306085
1,0,0,1,0,0,0,0,0,0,0,0,0,1,0,0,0,0,0,1,0,0.829220367981689
1,0,0,1,0,0,0,0,1,0,0,0,0,0,0,0,1,0,1,1,0,1.270881033163
0,0,0,1,0,0,0,0,0,0,0,0,0,0,0,0,1,0,0,1,0,1.1657673344788
0,1,0,1,0,0,0,0,0,0,0,0,0,0,0,0,0,0,1,1,0,0.752489634208609
1,0,1,0,0,1,0,1,1,0,0,0,0,0,0,0,0,0,0,1,0,0.416288537167147
0,1,1,0,0,0,0,0,0,0,0,0,0,0,0,0,1,0,0,1,0,0.655386119454813
0,0,0,1,0,0,0,1,1,0,0,0,0,0,0,0,1,0,0,1,0,1.5252094457509
0,0,1,0,1,0,1,1,0,0,0,0,0,0,0,0,1,0,0,1,0,1.38040565763619
1,0,0,1,1,0,0,1,0,0,0,0,0,0,0,1,0,0,1,1,0,0.843702145779367
0,1,0,1,1,0,0,0,1,0,0,0,0,1,0,0,0,1,0,1,0,1.27049364255299
0,1,1,0,0,0,0,0,0,0,0,0,0,0,0,0,1,0,0,1,0,0.655386119454813
1,0,0,1,1,0,0,0,0,0,0,0,0,0,0,0,0,0,0,1,0,0.849508770205783
0,1,1,0,0,0,0,0,0,0,0,0,0,0,0,1,0,0,1,1,0,0.452411227604566
1,0,1,0,0,0,0,1,0,0,0,1,0,0,0,0,0,0,1,1,0,1.08989877677052
1,0,1,0,0,0,0,1,0,0,0,0,0,1,0,0,0,0,0,1,0,0.859693690137795
0,1,1,0,0,1,0,0,0,0,0,0,0,0,0,0,0,0,0,1,0,0.0169395851050222
1,0,0,1,1,0,0,0,0,0,0,0,0,0,0,0,0,0,0,1,0,0.849508770205783
0,0,0,1,0,1,0,0,0,0,0,0,0,0,0,0,1,0,0,1,0,0.685426157287055
0,1,0,1,0,0,0,0,0,0,0,0,0,0,0,0,0,0,0,1,0,0.505870350406445
0,1,0,0,0,0,0,1,0,0,0,0,0,0,0,1,1,0,0,1,0,0.403887822015159
0,1,1,0,0,0,0,0,1,0,0,1,0,1,0,0,0,0,0,1,0,1.3681321197041
1,0,0,0,0,0,0,0,0,0,0,0,0,0,0,0,0,0,1,1,0,0.784734497677877
0,1,1,0,0,0,0,0,0,1,0,0,0,0,0,0,1,0,0,1,0,0.755235951279866
0,1,0,1,0,0,0,0,1,1,0,0,0,0,0,0,1,0,0,1,0,1.08420474039586
0,1,1,0,0,0,0,0,0,0,0,0,0,1,0,0,0,0,0,1,0,0.780723939081991
0,0,1,0,0,0,0,0,0,0,0,1,0,0,0,0,1,0,0,1,0,1.42420672598491
1,0,1,0,0,0,0,1,0,0,0,0,0,0,0,1,1,0,0,1,0,0.442867052016252
0,1,1,0,0,0,0,0,0,1,1,0,0,0,0,0,0,0,0,1,0,0.0422345749299203
0,0,1,0,0,0,0,0,1,0,0,0,0,0,0,0,0,0,1,1,0,1.56607087401956
1,0,1,0,0,0,0,1,1,0,0,0,0,0,0,0,0,0,0,1,0,0.896629714358891
0,0,0,1,0,0,0,0,0,0,0,0,0,0,0,0,0,0,0,1,0,1.00766197732075
0,0,0,1,0,0,0,0,0,0,0,0,0,0,0,0,0,0,1,1,0,1.25428126112292
0,1,0,1,1,0,0,0,0,0,0,0,0,0,0,0,1,0,0,1,0,0.96770728657381
0,1,0,1,0,0,0,0,1,0,0,0,0,0,0,0,0,0,0,1,0,0.826249551412766
1,0,0,1,1,0,0,0,0,0,0,0,0,1,0,1,0,0,0,1,0,0.841463128496643
0,1,1,0,0,0,0,0,1,0,0,0,0,0,0,0,1,0,0,1,0,0.975765320461134
0,1,1,0,1,0,0,0,0,0,0,0,0,0,0,1,0,0,0,1,0,0.50952352281172
0,1,0,0,0,0,0,1,0,0,0,0,0,0,0,0,0,0,1,1,0,0.783890567153641
0,1,0,0,0,0,0,0,0,0,0,0,0,0,0,0,0,0,0,1,0,0.498208373085693
1,0,0,1,0,0,0,1,0,0,0,1,0,0,0,0,1,0,0,1,0,1.00997443823608
0,1,0,1,0,1,0,0,0,0,0,0,0,0,0,0,0,0,0,1,0,0.0255291732147006
0,1,0,1,0,0,0,0,0,0,0,0,0,0,0,0,0,0,1,1,0,0.752489634208609
0,1,1,0,0,0,0,0,0,0,0,0,0,0,0,0,0,0,0,1,0,0.497280762296766
1,0,0,0,0,0,0,1,0,0,0,0,0,0,0,0,1,0,0,1,0,0.735283481299544
0,0,1,0,0,0,0,0,0,0,0,0,0,1,0,0,0,0,0,1,0,1.2825155659963
0,1,0,1,0,0,0,0,1,0,0,0,0,0,0,0,0,0,0,1,0,0.826249551412766
0,1,1,0,0,0,0,1,0,0,0,0,0,0,0,0,0,0,0,1,0,0.536343672562551
0,1,1,0,0,0,0,0,0,0,0,0,0,0,0,0,0,0,1,1,0,0.743900046098931
1,0,0,1,0,0,0,0,0,1,0,0,0,0,0,0,0,0,1,1,0,0.892246306823681
1,0,0,0,1,0,0,0,0,0,0,0,1,0,0,1,0,0,0,1,0,0.673139223676705
0,1,1,0,0,0,0,0,0,0,0,0,0,0,0,0,0,1,0,1,0,0.354350097642443
0,1,0,0,0,0,0,1,0,0,0,0,0,0,0,0,0,0,1,1,0,0.783890567153641
0,1,0,1,0,0,0,1,1,0,0,0,0,0,0,0,0,0,0,1,0,0.86531246167855
1,0,0,1,0,0,0,1,0,0,0,0,0,0,0,0,1,0,1,1,0,0.98956474242246
1,0,0,1,0,0,0,0,1,0,0,0,0,0,0,0,0,0,0,1,0,0.866156392202785
0,1,0,1,0,0,0,0,0,0,0,0,0,0,0,0,1,0,1,1,0,0.910594991366656
0,0,1,0,0,1,0,0,0,0,0,1,0,0,0,0,0,0,0,1,0,0.785760191635117
0,1,0,1,0,0,0,0,0,0,0,0,0,0,0,0,0,0,0,1,0,0.505870350406445
1,0,1,0,0,0,0,0,1,0,1,0,0,0,0,0,0,0,0,1,0,0.302670784901209
0,1,1,0,0,0,0,0,0,0,0,0,0,0,0,0,1,0,0,1,0,0.655386119454813
0,1,1,0,0,0,0,1,0,0,0,0,0,0,0,0,0,0,1,1,0,0.782962956364715
0,1,0,1,0,0,0,0,1,0,0,0,0,0,0,0,0,0,0,1,0,0.826249551412766
0,1,1,0,0,0,0,1,0,0,0,0,0,1,0,0,0,0,0,1,0,0.819786849347775
1,0,0,1,0,0,0,0,1,0,0,1,0,1,0,0,0,0,1,1,0,1.66324783240596
0,1,0,1,0,0,0,0,1,0,0,0,0,0,0,0,0,0,0,1,0,0.826249551412766
0,0,1,0,0,0,0,0,0,0,0,0,0,0,0,0,1,0,0,1,0,1.15717774636912
0,1,0,1,0,0,0,0,0,1,0,0,0,0,0,1,0,0,1,1,0,0.560850647539296
1,0,1,0,0,0,0,0,0,0,0,0,0,0,0,0,0,0,0,1,0,0.537187603086786
0,0,1,0,0,0,0,1,0,0,0,0,0,0,0,0,0,0,0,1,0,1.03813529947686
0,1,0,1,0,0,0,0,0,0,0,0,0,0,0,0,0,0,0,1,0,0.505870350406445
0,1,0,1,0,0,0,1,0,0,0,0,0,0,0,0,0,0,0,1,0,0.544933260672229
0,1,1,0,0,0,0,0,0,0,0,1,0,0,0,0,0,0,0,1,0,0.764309741912554
0,1,1,0,1,0,0,1,0,0,0,0,0,0,0,0,1,0,0,1,0,0.998180608729916
1,0,1,0,0,0,0,1,1,0,0,0,0,1,0,0,0,1,1,1,0,1.28376151029196
0,0,1,0,0,0,0,0,0,0,0,0,0,0,0,0,0,0,0,1,0,0.999072389211074
0,1,1,0,0,0,0,0,1,0,0,0,1,0,1,0,0,0,1,1,0,1.09395478483939
1,0,0,0,0,0,0,0,0,0,0,0,0,1,0,0,0,0,0,1,0,0.821558390660937
0,1,1,0,0,0,1,0,1,0,0,0,0,0,0,0,0,0,1,1,0,0.944712669097219
1,0,1,0,1,0,0,0,1,0,0,0,0,0,0,0,0,0,0,1,0,1.16129838310243
1,0,0,1,0,0,0,1,0,0,0,0,0,0,0,0,0,0,0,1,0,0.584840101462249
1,0,1,0,0,0,0,0,0,0,0,0,0,0,0,0,0,0,0,1,0,0.537187603086786
0,1,0,1,0,0,0,0,0,0,0,0,0,0,0,0,0,0,1,1,0,0.752489634208609
1,0,0,0,0,0,0,0,0,0,0,0,0,0,0,0,0,0,0,1,0,0.538115213875712
0,1,0,1,0,0,0,0,1,0,0,0,0,0,0,0,0,0,0,1,0,0.826249551412766
0,1,0,1,0,0,0,0,0,0,0,0,0,0,0,0,0,0,0,1,0,0.505870350406445
0,1,0,1,0,0,0,0,0,0,0,0,0,0,0,0,0,0,0,1,0,0.505870350406445
1,0,0,1,0,0,0,1,0,0,0,0,1,0,0,1,0,0,1,1,0,0.662751816056087
0,0,1,0,0,0,0,0,0,0,0,0,0,1,0,1,1,0,0,1,0,1.14913210465998
0,1,1,0,0,0,0,0,0,0,0,1,0,1,0,0,0,0,0,1,0,1.04775291869778
0,1,1,0,0,0,0,0,0,0,0,1,0,0,0,0,0,0,0,1,0,0.764309741912554
0,1,0,1,0,0,0,1,0,0,0,0,0,0,0,1,0,0,0,1,0,0.253444442177864
0,1,1,0,0,0,1,1,0,1,0,0,0,0,0,0,0,0,0,1,0,0.51662692637957
1,0,1,0,1,0,0,0,0,0,0,0,0,0,1,0,0,0,0,1,0,0.747813470544207
0,1,1,0,0,0,0,1,0,0,0,0,0,1,0,0,0,0,0,1,0,0.819786849347775
0,1,0,1,0,0,0,0,0,0,0,0,0,0,1,0,0,0,1,1,0,0.659383922656711
1,0,0,0,0,0,0,0,0,0,0,0,0,0,0,0,0,0,0,1,0,0.538115213875712
1,0,1,0,0,0,0,0,0,0,0,0,0,0,0,0,0,0,1,1,0,0.783806886888951
0,0,0,1,0,0,0,0,0,0,0,0,0,1,0,0,0,0,0,1,0,1.29110515410598
0,1,1,0,0,0,0,0,1,0,0,0,0,0,0,0,0,0,0,1,0,0.817659963303087
0,1,0,0,1,0,0,0,0,0,0,0,0,1,0,1,0,0,1,1,0,1.04051359418804
1,0,0,1,0,0,0,0,0,0,0,0,0,0,0,0,1,0,1,1,0,0.950501832156676
1,0,0,0,1,1,1,0,0,0,0,0,0,0,0,1,0,0,1,1,0,0.197069502993053
0,1,1,0,0,0,0,1,0,0,0,0,1,0,0,0,0,0,0,1,0,0.65912492184859
0,1,0,1,0,0,0,0,1,0,0,0,0,0,0,0,1,0,0,1,0,0.984354908570813
1,0,0,1,0,0,0,1,1,0,0,0,0,0,0,0,1,0,1,1,0,1.30994394342878
0,1,0,1,1,0,0,1,0,0,0,0,0,0,0,0,0,0,0,1,0,0.848664839681547
0,1,0,1,0,0,0,0,0,0,0,0,0,0,0,0,0,0,0,1,0,0.505870350406445
0,1,1,0,0,0,0,0,0,0,0,0,0,0,0,0,0,0,0,1,0,0.497280762296766
0,1,0,1,0,0,0,1,0,0,0,0,0,0,0,0,0,0,0,1,0,0.544933260672229
1,0,0,1,0,0,0,0,0,0,0,0,0,0,0,0,0,0,0,1,0,0.545777191196465
1,0,0,1,0,0,0,0,0,0,0,0,0,0,0,0,0,0,0,1,0,0.545777191196465
1,0,0,1,0,0,0,0,0,0,0,0,1,0,1,0,0,0,0,1,0,0.575452728930606
0,1,0,1,0,0,0,0,0,0,0,0,0,0,0,0,0,0,0,1,0,0.505870350406445
1,0,1,0,0,0,0,0,0,0,0,1,0,0,0,0,0,0,1,1,0,1.05083586650474
1,0,0,1,0,0,0,1,0,0,0,0,0,1,0,0,1,0,0,1,0,1.02638863540552
0,1,0,1,0,0,0,0,0,0,0,0,0,0,0,0,0,0,0,1,0,0.505870350406445
0,1,0,1,0,1,0,0,0,0,0,1,0,0,0,0,0,0,0,1,0,0.292558152830488
0,1,0,1,0,0,0,1,1,0,0,0,0,0,0,1,1,0,0,1,0,0.731929000342232
1,0,1,0,0,0,0,0,1,0,0,0,0,0,1,0,0,1,1,1,0,0.86814971168905
0,0,1,0,1,0,0,0,0,0,0,0,0,0,0,0,0,0,0,1,0,1.30280396822039
0,1,0,1,0,0,0,0,0,0,0,0,0,0,0,0,0,0,1,1,0,0.752489634208609
1,0,1,0,1,0,0,0,0,0,1,0,0,0,0,0,1,0,0,1,0,0.444128520062253
0,1,1,0,0,0,0,0,0,0,0,0,0,0,0,0,0,0,0,1,0,0.497280762296766
0,1,0,1,0,0,0,0,0,0,0,0,1,0,0,0,0,0,0,1,0,0.628651599692484
0,1,0,1,0,0,0,0,1,0,0,0,0,0,0,0,0,0,0,1,0,0.826249551412766
0,1,1,0,1,0,0,0,0,0,0,0,0,0,1,0,0,0,0,1,0,0.707906629754187
0,1,0,1,0,0,0,0,0,0,0,1,0,0,0,0,1,0,0,1,0,0.931004687180279
0,1,1,0,0,0,0,0,0,0,0,0,0,1,0,0,1,0,0,1,0,0.938829296240038
0,1,0,1,0,0,0,1,0,0,0,0,0,0,0,1,0,0,0,1,0,0.253444442177864
0,1,1,0,1,0,0,0,0,0,0,0,0,0,0,0,0,1,0,1,0,0.658081676651762
0,0,0,1,0,0,0,0,1,0,0,0,0,1,0,0,0,0,0,1,0,1.6114843551123
0,1,0,1,0,0,0,0,0,0,0,0,0,0,0,0,1,0,0,1,0,0.663975707564492
0,1,0,1,0,0,0,0,1,0,0,0,0,0,0,0,0,0,0,1,0,0.826249551412766
0,1,1,0,0,0,0,0,0,0,0,0,0,0,0,0,0,0,0,1,0,0.497280762296766
0,1,1,0,0,0,0,0,0,0,0,0,0,0,0,0,0,1,1,1,0,0.600969381444608
1,0,1,0,0,0,0,0,0,0,0,0,0,1,0,0,0,0,0,1,0,0.820630779872011
0,1,1,0,0,0,0,0,0,0,0,0,0,1,0,0,0,0,0,1,0,0.780723939081991
0,1,1,0,0,0,0,0,1,0,0,0,0,1,0,0,0,0,0,1,0,1.10110314008831
0,1,1,0,1,0,0,0,0,0,0,0,0,0,0,0,1,0,1,1,0,1.2057369822663
0,1,1,0,0,0,0,1,0,0,0,0,0,0,0,0,0,0,1,1,0,0.782962956364715
0,0,1,0,0,0,0,0,0,0,0,1,0,0,0,0,0,0,0,1,0,1.26610136882686
1,0,1,0,0,0,0,0,0,0,0,0,0,0,0,0,1,0,0,1,0,0.695292960244833
0,1,1,0,0,0,0,0,0,0,0,0,0,0,0,0,0,0,0,1,0,0.497280762296766
0,1,1,0,1,0,0,0,0,0,0,0,1,0,0,0,0,0,1,1,0,1.17041287439429
0,1,0,1,0,0,0,0,1,0,0,0,1,0,0,0,0,0,0,1,0,0.949030800698805
0,1,0,1,0,0,0,0,0,0,0,0,0,0,0,0,0,0,0,1,0,0.505870350406445
0,1,1,0,0,0,0,0,0,0,0,0,0,0,0,0,0,0,0,1,0,0.497280762296766
1,0,1,0,0,0,0,0,1,0,0,0,0,0,0,0,0,0,0,1,0,0.857566804093107
0,1,1,0,1,0,0,0,0,0,0,0,0,0,0,0,0,0,0,1,0,0.801012341306085
1,0,0,1,0,0,0,0,1,0,0,0,0,1,0,0,1,0,0,1,0,1.30770492614606
0,1,1,0,0,1,0,0,0,0,0,0,0,0,0,0,0,0,0,1,0,0.0169395851050222
0,1,1,0,1,0,0,1,0,0,0,0,0,0,0,0,1,0,0,1,0,0.998180608729916
0,1,1,0,0,0,0,0,0,0,0,0,0,0,0,0,1,0,1,1,0,0.902005403256978
1,0,0,0,0,0,0,0,1,0,0,0,0,1,0,0,0,1,0,1,0,0.999006927012935
0,0,1,0,0,0,0,0,0,0,0,0,0,1,0,0,0,0,0,1,0,1.2825155659963
0,1,1,0,1,0,0,1,0,0,0,1,0,0,0,0,0,0,0,1,0,1.10710423118766
0,1,0,1,0,0,0,0,0,0,0,0,0,0,0,0,0,0,1,1,0,0.752489634208609
1,0,1,0,0,0,0,0,1,0,0,0,0,0,0,0,0,0,0,1,0,0.857566804093107
0,1,1,0,0,0,0,1,0,0,0,0,0,0,0,0,1,0,0,1,0,0.694449029720598
0,1,1,0,0,0,1,0,0,0,0,1,0,0,0,0,0,0,1,1,0,0.891362447706685
0,1,0,1,0,0,0,0,1,0,0,0,0,0,0,0,0,0,0,1,0,0.826249551412766
1,0,0,1,0,0,0,0,1,0,0,0,1,0,0,0,0,0,0,1,0,0.988937641488825
0,1,1,0,0,0,0,0,0,0,0,0,0,0,0,0,0,0,0,1,0,0.497280762296766
1,0,0,1,0,0,0,0,0,0,0,0,0,1,0,0,0,0,0,1,0,0.829220367981689
1,0,0,1,0,0,0,0,0,0,0,1,0,0,0,0,1,0,1,1,0,1.21753081177246
0,1,1,0,0,0,0,0,0,0,1,0,0,0,0,0,0,0,0,1,0,-0.057615256895132
0,0,0,1,0,0,0,0,0,0,0,0,0,0,0,0,1,0,0,1,0,1.1657673344788
0,1,1,0,0,0,0,1,0,0,0,1,0,0,0,1,0,0,0,1,0,0.511883833683973
0,1,1,0,0,0,0,0,0,0,0,0,0,0,0,1,0,0,0,1,0,0.205791943802401
1,0,1,0,0,0,0,0,1,0,1,0,0,0,0,0,0,0,0,1,0,0.302670784901209
0,1,0,1,0,0,0,1,0,0,0,0,0,0,0,0,1,0,0,1,0,0.703038617830276
0,1,1,0,0,0,0,0,1,0,0,0,0,0,0,0,0,0,0,1,0,0.817659963303087
0,1,1,0,0,0,0,1,0,0,0,0,0,0,0,0,1,0,0,1,0,0.694449029720598
0,1,0,1,0,0,0,0,0,0,0,0,0,0,0,0,0,0,0,1,0,0.505870350406445
0,1,1,0,0,0,0,0,0,0,0,0,0,0,0,0,0,0,0,1,0,0.497280762296766
0,0,1,0,0,0,0,0,1,0,0,0,0,0,0,0,0,0,0,1,0,1.31945159021739
0,1,1,0,1,0,0,0,1,0,0,0,0,0,0,0,0,0,0,1,0,1.12139154231241
0,1,1,0,0,0,0,0,0,0,0,0,0,0,0,0,0,0,0,1,0,0.497280762296766
0,1,1,0,0,0,0,0,0,0,0,0,0,1,0,0,0,1,0,1,0,0.637793274427668
0,1,1,0,0,0,0,0,0,0,0,0,0,0,0,0,0,0,0,1,0,0.497280762296766
1,0,1,0,0,0,0,0,0,0,0,0,0,1,0,0,0,0,0,1,0,0.820630779872011
0,1,0,0,0,0,0,0,1,0,0,0,0,0,0,0,0,0,1,1,0,1.06520685789418
0,1,1,0,0,0,0,0,1,0,0,0,0,0,0,0,0,0,0,1,0,0.817659963303087
1,0,1,0,0,0,0,0,1,0,0,0,0,0,0,0,0,1,0,1,0,0.714636139438784
0,1,1,0,0,0,0,0,0,0,0,1,0,0,0,0,0,0,0,1,0,0.764309741912554
0,1,0,1,0,0,0,0,0,0,0,0,0,0,0,0,0,0,0,1,0,0.505870350406445
0,1,1,0,1,0,0,0,0,0,0,0,0,0,0,0,0,0,0,1,0,0.801012341306085
1,0,0,1,0,0,0,0,0,0,0,0,0,0,0,0,0,0,0,1,0,0.545777191196465
0,1,1,0,0,0,0,0,0,0,1,0,0,0,0,0,1,0,0,1,0,0.100490100262915
1,0,0,1,0,0,0,0,1,0,0,0,0,0,0,0,0,0,0,1,0,0.866156392202785
0,1,0,1,0,0,0,0,0,0,0,0,0,0,0,0,0,0,1,1,0,0.752489634208609
1,0,1,0,0,0,0,0,0,0,0,1,0,0,0,0,0,0,0,1,0,0.804216582702574
0,1,0,0,0,0,0,1,1,0,0,0,0,1,0,1,0,0,0,1,0,0.849604842648657
1,0,1,0,0,0,0,0,0,0,0,0,0,0,0,0,0,0,0,1,0,0.537187603086786
0,1,1,0,0,0,0,0,0,0,1,0,0,0,0,0,1,0,0,1,0,0.100490100262915
1,0,1,0,0,0,0,0,0,0,0,0,0,0,0,0,0,0,0,1,0,0.537187603086786
1,0,0,1,0,0,0,0,0,0,0,0,0,0,0,0,0,0,1,1,0,0.792396474998629
0,1,1,0,0,0,0,0,0,0,0,0,0,0,0,0,1,0,0,1,0,0.655386119454813
1,0,0,1,0,1,0,0,0,0,0,0,0,0,0,0,0,0,0,1,0,0.0654360140047203
1,0,0,1,0,1,0,0,0,0,0,0,0,0,0,0,0,0,0,1,0,0.0654360140047203
0,1,0,0,0,1,0,0,0,0,0,0,0,0,0,0,0,0,0,1,0,0.0178671958939486
1,0,0,1,0,0,1,0,0,0,0,0,0,0,0,0,1,0,1,1,0,0.830935254148643
1,0,1,0,0,0,0,0,0,0,0,0,0,0,0,0,0,0,0,1,0,0.537187603086786
1,0,0,1,0,1,0,0,0,0,0,0,0,0,0,0,0,0,0,1,0,0.0654360140047203
0,1,0,1,0,0,0,0,0,0,0,0,0,0,0,0,0,0,0,1,0,0.505870350406445
1,0,1,0,0,0,0,0,0,0,0,0,0,0,0,0,0,0,0,1,0,0.537187603086786
0,1,0,1,0,1,0,0,0,0,0,0,0,0,0,0,0,0,1,1,0,0.272148457016865
1,0,1,0,0,0,0,0,0,0,0,0,0,0,0,0,0,0,0,1,0,0.537187603086786
1,0,1,0,0,0,0,0,0,0,0,0,0,0,1,0,0,0,0,1,0,0.444081891534888
1,0,1,0,0,0,0,0,0,0,0,0,0,0,0,0,0,1,0,1,0,0.394256938432463
1,0,1,0,0,0,0,0,0,0,0,0,0,0,0,0,0,0,0,1,0,0.537187603086786
1,0,1,0,0,0,1,0,0,0,0,1,0,0,0,0,0,0,0,1,0,0.684650004694541
0,1,1,0,0,0,0,0,0,0,0,0,0,0,0,0,0,1,0,1,0,0.354350097642443
0,1,0,0,0,1,1,0,0,0,0,0,0,0,1,0,0,0,0,1,0,-0.194805093665982
0,1,0,1,0,0,0,0,0,0,0,0,0,0,0,0,0,0,0,1,0,0.505870350406445
1,0,1,0,0,0,1,0,0,0,0,0,0,0,0,0,0,1,0,1,0,0.27469036042443
0,1,1,0,0,0,0,0,0,0,0,0,0,0,0,0,0,0,0,1,0,0.497280762296766
0,1,0,1,0,1,0,0,0,0,0,0,0,0,0,0,0,0,0,1,0,0.0255291732147006
1,0,0,1,0,0,1,0,0,0,0,0,0,0,0,0,0,0,0,1,0,0.426210613188432
0,1,1,0,0,0,0,0,0,0,0,0,0,0,0,0,0,0,0,1,0,0.497280762296766
0,1,0,1,0,0,0,0,0,0,0,0,0,0,0,0,1,0,0,1,0,0.663975707564492
0,1,0,1,0,0,1,0,0,0,0,0,0,0,0,0,0,1,0,1,0,0.243373107744089
0,1,0,1,0,0,0,0,0,0,0,0,0,0,1,0,0,1,0,1,0,0.269833974200223
1,0,0,1,0,0,0,0,0,0,0,0,0,0,0,0,1,0,0,1,0,0.703882548354511
1,0,1,0,0,0,1,0,0,0,0,0,0,0,0,0,0,0,0,1,0,0.417621025078753
1,0,1,0,0,0,0,0,0,0,0,0,0,0,0,0,0,0,0,1,0,0.537187603086786
0,1,0,1,0,0,0,0,0,0,0,0,0,0,0,0,0,0,0,1,0,0.505870350406445
1,0,0,1,0,0,0,0,0,0,0,0,0,0,0,0,0,1,0,1,0,0.402846526542141
0,1,0,1,0,0,1,0,1,0,0,0,0,0,0,0,0,0,0,1,0,0.706682973404733
1,0,1,0,0,0,0,0,0,0,0,0,0,0,0,0,0,0,0,1,0,0.537187603086786
0,1,1,0,0,1,0,0,0,0,0,0,0,0,0,0,0,1,0,1,0,-0.125991079549301
0,1,0,1,0,0,0,0,0,0,0,0,0,0,1,0,0,0,0,1,0,0.412764638854547
0,1,1,0,0,0,1,0,0,0,0,0,0,0,0,0,0,0,1,1,0,0.624333468090898
1,0,0,1,0,0,0,0,0,0,0,0,0,0,1,0,0,0,0,1,0,0.452671479644566
0,0,0,1,0,0,1,0,0,0,0,0,0,0,0,0,0,0,0,1,0,0.888095399312719
0,1,0,1,0,1,0,0,0,0,0,0,0,0,1,0,1,0,0,1,0,0.0905288188208495
0,1,1,0,0,0,0,0,0,0,0,0,0,0,0,0,0,0,0,1,0,0.497280762296766
1,0,1,0,0,1,0,0,0,0,0,0,0,0,0,0,0,1,0,1,0,-0.0860842387592813
0,1,1,0,0,0,0,0,0,0,0,0,0,0,0,0,0,0,0,1,0,0.497280762296766
0,1,1,0,0,0,1,0,0,0,0,0,0,0,0,0,0,1,0,1,0,0.23478351963441
1,0,0,1,0,1,0,0,0,0,0,0,0,0,0,0,0,0,0,1,0,0.0654360140047203
1,0,0,0,0,0,0,0,0,0,0,0,0,0,0,0,0,0,0,1,0,0.538115213875712
1,0,0,1,0,1,0,0,0,0,0,0,0,0,0,0,0,1,0,1,0,-0.0774946506496028
0,0,0,1,0,0,0,0,0,0,0,0,0,1,0,0,0,0,1,1,0,1.53772443790814
1,0,0,0,0,1,0,0,0,0,0,0,0,0,0,0,0,0,0,1,0,0.0577740366839683
0,1,0,1,0,0,0,0,0,0,0,0,0,0,0,0,0,0,0,1,0,0.505870350406445
0,1,0,1,0,0,1,0,0,0,0,0,0,0,0,0,0,0,0,1,0,0.386303772398412
0,1,0,1,0,0,0,0,0,0,0,0,0,1,0,0,0,0,0,1,0,0.789313527191669
0,0,1,0,0,0,0,0,0,0,0,0,0,0,0,0,0,1,0,1,0,0.85614172455675
0,1,1,0,0,0,0,0,0,0,0,0,0,0,0,0,0,0,0,1,0,0.497280762296766
1,0,1,0,0,1,1,0,1,0,0,0,0,0,0,0,0,0,0,1,0,0.25765904889333
1,0,1,0,0,0,1,0,0,0,0,0,0,0,0,0,0,0,0,1,0,0.417621025078753
1,0,0,0,0,0,0,0,0,0,0,0,0,0,0,0,0,1,0,1,0,0.395184549221389
1,0,1,0,0,0,0,0,0,0,0,0,0,0,0,0,0,0,0,1,0,0.537187603086786
0,1,0,1,0,0,0,0,0,0,0,0,0,0,0,0,1,0,0,1,0,0.663975707564492
1,0,0,0,0,1,0,0,0,0,0,0,0,0,1,0,0,0,0,1,0,-0.0353316748679298
0,0,1,0,0,0,1,0,0,0,0,0,0,0,0,0,0,0,0,1,0,0.879505811203041
0,1,0,1,0,0,1,0,0,0,0,0,0,0,1,0,0,0,0,1,0,0.293198060846514
0,1,1,0,0,0,0,0,0,0,0,0,0,0,0,0,0,1,0,1,0,0.354350097642443
1,0,1,0,0,0,1,0,0,0,1,0,0,0,0,0,0,0,0,1,0,-0.137274994113145
1,0,0,0,0,0,1,0,0,0,0,0,0,0,0,0,0,0,0,1,0,0.41854863586768
1,0,1,0,0,0,0,0,0,0,0,0,0,0,1,0,0,0,0,1,0,0.444081891534888
1,0,1,0,0,0,0,0,0,0,0,0,0,0,0,0,0,0,0,1,0,0.537187603086786
0,1,1,0,0,0,0,0,0,0,0,0,0,0,0,1,0,0,0,1,0,0.205791943802401
0,1,1,0,0,0,0,0,0,0,0,0,0,0,0,0,0,0,0,1,0,0.497280762296766
0,1,1,0,0,0,0,0,0,0,0,0,0,0,0,0,0,0,0,1,0,0.497280762296766
0,1,0,1,0,0,0,0,0,0,0,0,0,0,0,0,0,0,0,1,0,0.505870350406445
0,1,0,0,0,0,0,0,0,0,0,0,0,0,0,0,0,0,0,1,0,0.498208373085693
1,0,1,0,0,1,0,0,0,0,0,0,0,0,0,0,0,0,0,1,0,0.056846425895042
0,1,0,1,0,0,0,0,0,0,0,0,0,0,0,0,0,1,0,1,0,0.362939685752122
1,0,1,0,0,0,0,0,0,0,0,0,0,0,0,0,0,0,0,1,0,0.537187603086786
0,0,1,0,0,0,0,0,0,0,0,0,0,0,0,0,0,0,0,1,0,0.999072389211074
0,1,1,0,0,0,0,0,0,0,0,0,0,0,1,0,0,0,0,1,0,0.404175050744868
1,0,0,0,0,0,0,0,0,0,0,0,0,0,0,0,0,0,0,1,0,0.538115213875712
0,1,1,0,0,0,1,0,0,0,0,0,0,0,0,0,0,0,0,1,0,0.377714184288734
1,0,1,0,0,1,0,0,0,0,0,0,0,0,0,0,1,0,0,1,0,0.214951783053089
0,1,0,1,0,0,1,0,0,0,0,0,0,0,0,0,0,1,0,1,0,0.243373107744089
0,1,1,0,0,1,0,0,0,0,0,0,0,0,0,0,1,0,1,1,0,0.421664226065233
1,0,1,0,0,0,0,0,0,0,0,0,0,0,1,1,0,0,0,1,0,0.152593073040523
0,1,1,0,0,0,0,0,0,0,0,0,0,0,0,0,0,0,0,1,0,0.497280762296766
0,1,0,0,0,1,0,0,0,0,0,0,0,0,0,0,0,0,0,1,0,0.0178671958939486
0,1,0,1,0,1,0,0,0,0,0,0,0,0,0,0,0,1,0,1,0,-0.117401491439623
1,0,1,0,0,1,0,0,0,0,0,0,0,0,0,0,0,0,0,1,0,0.056846425895042
1,0,1,0,0,0,0,0,0,0,0,0,0,0,0,0,0,0,0,1,0,0.537187603086786
0,1,1,0,0,0,0,0,0,0,0,0,0,0,0,0,0,0,0,1,0,0.497280762296766
0,1,0,1,0,0,0,1,0,0,0,0,0,0,0,0,1,0,0,1,0,0.703038617830276
0,1,0,1,0,1,0,0,0,0,0,0,0,0,0,0,0,0,0,1,0,0.0255291732147006
0,1,0,1,0,1,1,0,0,0,0,0,0,0,0,0,0,0,0,1,0,-0.0940374047933321
1,0,0,1,0,1,0,0,0,0,0,0,0,0,0,0,0,0,0,1,0,0.0654360140047203
0,1,1,0,0,0,0,0,0,0,0,0,0,0,0,0,0,0,0,1,0,0.497280762296766
1,0,1,0,0,0,0,0,0,0,0,0,0,0,0,0,0,0,0,1,0,0.537187603086786
1,0,1,0,0,0,0,0,0,0,0,0,0,0,0,0,0,0,0,1,0,0.537187603086786
0,1,1,0,0,0,0,0,0,0,0,0,0,0,1,0,0,0,0,1,0,0.404175050744868
0,1,0,1,0,0,0,0,0,0,0,0,0,0,0,0,0,0,0,1,0,0.505870350406445
0,1,1,0,0,0,0,0,0,0,0,0,0,0,0,0,0,0,0,1,0,0.497280762296766
1,0,0,1,0,0,0,0,0,0,0,0,0,0,0,0,0,0,0,1,0,0.545777191196465
1,0,0,1,0,0,0,0,0,0,0,0,0,0,0,0,0,0,0,1,0,0.545777191196465
0,1,1,0,0,1,0,0,0,0,0,0,0,0,0,0,0,1,0,1,0,-0.125991079549301
0,1,0,1,0,1,0,0,0,0,0,0,0,0,0,0,0,0,0,1,0,0.0255291732147006
1,0,0,1,0,0,0,0,0,0,0,0,0,0,0,0,0,0,0,1,0,0.545777191196465
0,1,1,0,0,0,0,0,0,0,0,0,0,0,0,0,0,0,0,1,0,0.497280762296766
1,0,0,0,0,1,0,0,0,0,0,0,0,0,0,0,0,0,0,1,0,0.0577740366839683
1,0,1,0,0,0,0,0,0,0,0,0,0,0,0,0,0,0,0,1,0,0.537187603086786
1,0,0,1,0,0,1,0,1,0,0,0,1,0,0,1,0,0,0,1,0,0.577882244986427
0,1,1,0,0,1,0,0,0,0,0,0,0,0,0,0,0,0,0,1,0,0.0169395851050222
1,0,1,0,0,0,0,0,0,0,0,0,0,0,0,0,0,0,0,1,0,0.537187603086786
1,0,0,1,0,1,0,0,0,0,0,0,0,0,0,0,0,1,0,1,0,-0.0774946506496028
0,1,1,0,0,0,0,0,0,0,0,0,0,0,0,0,0,0,0,1,0,0.497280762296766
0,1,0,1,0,0,1,0,0,0,0,0,0,0,0,0,0,0,0,1,0,0.386303772398412
1,0,1,0,0,1,0,0,0,0,0,0,0,0,0,0,0,1,0,1,0,-0.0860842387592813
1,0,0,0,0,1,0,0,1,0,0,0,0,0,0,0,0,0,0,1,0,0.378153237690289
0,1,0,1,0,1,0,0,0,0,0,0,0,0,1,0,0,0,0,1,0,-0.0675765383371973
0,1,0,1,0,0,0,0,0,0,0,0,0,0,1,0,0,0,0,1,0,0.412764638854547
1,0,0,1,0,1,0,0,0,0,0,0,0,0,0,0,0,0,0,1,0,0.0654360140047203
0,1,1,0,0,0,0,0,0,0,0,0,0,0,0,0,0,0,0,1,0,0.497280762296766
1,0,1,0,0,1,0,0,0,0,0,0,0,0,0,0,0,0,0,1,0,0.056846425895042
0,1,1,0,0,0,1,0,0,0,0,0,0,0,0,0,0,1,0,1,0,0.23478351963441
0,1,0,1,0,1,0,0,0,0,0,0,0,0,0,0,0,0,0,1,0,0.0255291732147006
0,1,0,1,0,0,0,0,0,0,0,0,0,0,0,0,0,0,0,1,0,0.505870350406445
1,0,0,1,0,0,0,0,0,0,0,0,0,0,1,0,0,1,0,1,0,0.309740814990243
0,1,0,1,0,0,0,0,0,0,0,0,0,0,0,0,0,1,0,1,0,0.362939685752122
1,0,0,0,0,1,0,0,0,0,0,0,0,0,1,0,1,0,0,1,0,0.122773682290117
0,1,0,0,0,0,0,0,0,0,0,0,0,0,0,0,0,1,0,1,0,0.35527770843137
1,0,0,1,0,0,1,0,0,0,0,0,0,0,0,0,0,1,0,1,0,0.283279948534109
1,0,0,1,0,0,0,0,0,0,0,0,0,1,0,0,0,0,0,1,0,0.829220367981689
0,1,0,1,0,0,1,0,0,0,0,0,0,0,0,0,0,0,0,1,0,0.386303772398412
1,0,0,1,0,1,0,0,0,0,0,0,0,0,0,0,0,0,0,1,0,0.0654360140047203
1,0,1,0,0,0,0,0,0,0,0,0,0,0,0,0,0,0,0,1,0,0.537187603086786
1,0,1,0,0,0,1,0,0,0,0,0,0,0,0,0,0,0,0,1,0,0.417621025078753
1,0,1,0,0,0,0,0,0,0,0,0,0,0,1,0,0,0,0,1,0,0.444081891534888
1,0,0,1,0,1,0,0,0,0,0,0,0,0,0,0,0,0,0,1,0,0.0654360140047203
0,1,1,0,0,0,0,0,0,0,0,0,0,0,0,0,0,0,0,1,0,0.497280762296766
1,0,1,0,0,0,0,0,0,0,0,0,0,0,0,0,0,0,0,1,0,0.537187603086786
1,0,1,0,0,0,0,0,0,0,0,0,0,0,0,0,0,0,0,1,0,0.537187603086786
1,0,1,0,0,0,0,0,0,0,0,0,0,0,0,0,0,0,0,1,0,0.537187603086786
0,1,0,1,0,0,0,0,0,0,0,0,1,0,0,0,0,0,0,1,0,0.628651599692484
0,1,1,0,0,0,0,0,0,0,0,0,0,0,0,0,0,1,0,1,0,0.354350097642443
1,0,0,1,0,0,0,0,0,0,0,0,0,0,0,0,0,1,0,1,0,0.402846526542141
1,0,0,1,0,0,1,0,0,0,0,0,0,0,0,0,0,1,0,1,0,0.283279948534109
0,1,1,0,0,1,0,0,0,0,0,0,0,0,0,0,0,0,0,1,0,0.0169395851050222
0,1,1,0,0,0,0,0,0,0,0,0,0,0,0,0,0,0,0,1,0,0.497280762296766
1,0,0,1,0,1,0,0,0,0,0,0,0,0,0,0,0,0,0,1,0,0.0654360140047203
1,0,1,0,0,0,0,0,0,0,0,0,0,0,1,0,0,1,0,1,0,0.301151226880565
1,0,1,0,0,0,1,0,1,0,0,0,0,0,1,0,0,0,0,1,0,0.644894514533176
1,0,1,0,0,0,1,0,0,0,0,0,0,0,0,0,0,0,0,1,0,0.417621025078753
1,0,0,1,0,1,0,0,0,0,0,0,0,0,0,0,0,0,0,1,0,0.0654360140047203
0,1,0,0,0,0,0,0,0,0,0,0,0,0,0,0,0,0,0,1,0,0.498208373085693
0,1,1,0,0,0,0,0,0,0,0,0,0,0,1,0,0,1,0,1,0,0.261244386090545
1,0,0,1,0,0,0,0,0,0,0,0,0,0,0,0,0,1,0,1,0,0.402846526542141
0,1,1,0,0,0,0,1,0,0,0,0,0,0,0,0,0,0,0,1,0,0.536343672562551
0,1,0,1,0,0,0,0,0,0,0,0,0,1,0,0,0,1,0,1,0,0.646382862537346
0,1,1,0,0,0,0,0,0,0,0,0,0,0,0,0,0,1,0,1,0,0.354350097642443
1,0,1,0,0,0,1,0,0,0,0,0,0,0,0,0,0,0,0,1,0,0.417621025078753
0,1,1,0,0,0,1,0,0,0,0,0,0,0,0,0,0,0,0,1,0,0.377714184288734
1,0,1,0,0,0,0,0,0,0,0,0,0,0,0,0,0,1,0,1,0,0.394256938432463
1,0,0,1,0,1,0,0,0,0,0,0,0,0,0,0,0,0,0,1,0,0.0654360140047203
1,0,1,0,0,1,0,0,0,0,0,0,0,0,0,0,0,1,0,1,0,-0.0860842387592813
1,0,0,1,0,0,0,0,0,0,0,0,0,0,0,0,0,0,0,1,0,0.545777191196465
0,1,0,0,0,0,0,0,0,0,0,0,0,0,0,0,0,0,0,1,0,0.498208373085693
1,0,1,0,0,0,1,0,0,0,0,0,0,0,0,0,0,0,0,1,0,0.417621025078753
0,1,1,0,0,0,0,0,0,0,0,0,0,0,1,0,0,1,0,1,0,0.261244386090545
1,0,1,0,0,0,0,0,0,0,0,0,0,0,0,0,0,1,0,1,0,0.394256938432463
0,0,0,1,0,1,0,0,0,0,0,0,0,0,0,0,0,0,0,1,0,0.527320800129008
0,0,0,1,0,0,0,0,0,0,0,0,0,0,0,0,0,0,0,1,0,1.00766197732075
0,0,0,0,0,1,1,0,0,0,0,0,0,0,0,0,1,0,0,1,0,0.55819760195827
1,0,1,0,0,0,1,0,0,0,0,0,0,0,0,0,0,1,0,1,0,0.27469036042443
1,0,1,0,0,0,0,0,0,0,0,0,0,0,1,0,0,0,0,1,0,0.444081891534888
0,1,1,0,0,0,0,0,0,0,0,0,0,0,0,0,0,0,0,1,0,0.497280762296766
0,1,1,0,0,0,0,0,0,0,0,0,0,0,0,0,0,0,0,1,0,0.497280762296766
0,1,1,0,0,0,0,0,0,0,0,0,0,0,0,0,0,1,0,1,0,0.354350097642443
0,1,1,0,0,0,1,0,0,0,0,0,0,0,0,0,0,0,0,1,0,0.377714184288734
0,0,0,1,0,0,0,0,0,0,0,0,0,0,0,0,0,0,0,1,0,1.00766197732075
0,1,0,1,0,0,0,0,0,0,0,0,0,0,0,0,0,0,0,1,0,0.505870350406445
0,1,0,1,0,0,0,0,0,0,0,0,0,0,0,0,0,1,0,1,0,0.362939685752122
1,0,0,1,0,0,0,0,0,0,0,0,0,0,0,0,0,0,0,1,0,0.545777191196465
0,1,1,0,0,0,0,0,0,0,0,0,0,0,0,0,0,0,0,1,0,0.497280762296766
0,1,1,0,0,0,0,0,0,0,0,0,0,0,0,0,0,0,0,1,0,0.497280762296766
1,0,0,1,0,1,1,0,1,0,0,0,0,0,0,0,1,0,0,1,0,0.424353994161055
0,1,1,0,0,0,1,0,1,0,0,0,0,0,1,0,0,0,0,1,0,0.604987673743157
1,0,0,1,0,0,0,0,0,0,0,0,0,0,0,0,0,0,0,1,0,0.545777191196465
0,0,1,0,0,1,0,0,0,0,0,0,0,0,0,0,0,0,0,1,0,0.518731212019329
0,1,0,0,0,0,0,0,0,0,0,0,0,0,0,0,0,0,0,1,0,0.498208373085693
1,0,1,0,0,0,0,0,0,0,0,0,0,0,1,0,0,0,0,1,0,0.444081891534888
1,0,0,1,0,1,1,0,0,0,0,0,0,0,0,0,0,0,1,1,0,0.192488719798852
1,0,1,0,0,0,1,0,0,0,0,0,0,0,0,0,0,0,0,1,0,0.417621025078753
0,1,1,0,0,1,0,0,1,0,0,0,0,0,0,0,0,0,0,1,0,0.337318786111343
0,1,1,0,0,0,0,0,0,0,0,0,0,0,0,0,0,1,0,1,0,0.354350097642443
0,1,0,1,0,0,0,0,0,0,0,0,0,0,0,0,0,0,0,1,0,0.505870350406445
0,1,1,0,0,1,1,0,0,0,0,0,0,0,1,0,0,0,0,1,0,-0.195732704454908
0,1,1,0,0,0,0,0,0,0,0,0,0,0,0,0,0,0,0,1,0,0.497280762296766
0,0,0,1,0,0,0,0,0,0,0,0,0,1,0,0,0,0,0,1,0,1.29110515410598
0,1,1,0,0,0,1,0,0,0,0,0,0,0,1,0,0,0,0,1,0,0.284608472736836
1,0,1,0,0,0,1,0,0,0,0,0,0,0,1,0,0,0,0,1,0,0.324515313526855
0,1,1,0,0,0,1,0,0,0,0,0,0,0,0,0,0,0,0,1,0,0.377714184288734
1,0,1,0,0,0,1,0,0,0,0,0,0,0,0,0,0,0,0,1,0,0.417621025078753
1,0,1,0,0,0,0,0,0,0,0,0,0,0,0,0,0,0,0,1,0,0.537187603086786
0,1,0,1,0,0,1,0,0,0,0,0,0,1,0,0,0,0,0,1,0,0.669746949183637
0,1,0,1,0,0,1,0,0,0,0,0,0,0,0,0,0,0,0,1,0,0.386303772398412
1,0,0,1,0,0,0,0,0,0,0,0,0,0,0,0,0,1,0,1,0,0.402846526542141
0,1,0,1,0,0,1,0,0,0,0,0,0,0,0,0,0,1,1,1,0,0.489992391546253
0,1,0,1,0,0,0,0,0,0,0,0,0,0,0,0,0,0,0,1,0,0.505870350406445
1,0,0,1,0,0,0,0,0,0,0,0,0,0,1,0,0,0,0,1,0,0.452671479644566
0,0,1,0,0,0,0,0,0,0,0,0,0,0,0,0,0,0,0,1,0,0.999072389211074
1,0,0,0,0,0,0,0,0,0,0,0,0,0,0,0,1,0,0,1,0,0.696220571033759
0,0,0,1,0,1,0,0,0,0,0,0,0,0,1,0,0,0,0,1,0,0.43421508857711
1,0,0,0,0,0,0,0,0,0,0,0,0,0,0,0,0,1,0,1,0,0.395184549221389
0,0,1,0,0,0,1,0,0,0,0,0,0,0,0,0,0,0,0,1,0,0.879505811203041
0,1,0,0,0,0,0,0,0,0,0,0,0,0,0,0,0,0,0,1,0,0.498208373085693
0,1,0,1,0,0,0,0,0,0,0,0,0,0,0,0,0,0,0,1,0,0.505870350406445
1,0,1,0,0,1,0,0,0,0,0,0,0,1,0,0,0,0,0,1,0,0.340289602680267
0,1,0,1,0,0,0,0,0,0,0,0,0,0,0,0,0,0,0,1,0,0.505870350406445
0,1,0,1,0,0,0,0,0,0,0,0,0,0,0,0,0,0,0,1,0,0.505870350406445
1,0,0,1,0,0,0,0,0,0,0,0,0,0,0,0,0,1,0,1,0,0.402846526542141
0,1,0,1,0,1,1,0,0,0,0,0,0,0,0,0,0,0,0,1,0,-0.0940374047933321
0,1,1,0,0,0,0,0,0,0,0,0,0,0,1,0,0,1,0,1,0,0.261244386090545
0,1,0,1,0,0,1,0,0,0,0,0,0,0,0,0,0,1,0,1,0,0.243373107744089
0,0,1,0,0,0,0,0,0,0,0,0,0,0,0,0,0,0,0,1,0,0.999072389211074
0,1,0,1,0,0,0,0,1,0,0,0,0,0,0,0,0,0,0,1,0,0.826249551412766
1,0,0,1,0,1,1,0,0,0,0,0,0,0,0,0,0,0,0,1,0,-0.0541305640033123
1,0,0,1,0,1,1,0,0,0,0,0,0,0,1,0,0,0,0,1,0,-0.14723627555521
1,0,1,0,0,0,0,0,0,0,0,0,0,0,0,0,0,0,0,1,0,0.537187603086786
1,0,0,1,0,1,0,0,0,0,0,0,0,0,0,0,0,1,0,1,0,-0.0774946506496028
0,1,0,1,0,0,0,0,0,0,0,0,0,0,0,0,0,0,0,1,0,0.505870350406445
0,1,0,0,0,1,0,0,0,0,0,0,0,0,0,0,0,0,0,1,0,0.0178671958939486
0,1,1,0,0,0,0,0,0,0,0,0,0,0,1,0,0,0,0,1,0,0.404175050744868
1,0,0,1,0,1,1,0,0,0,0,0,0,0,0,0,0,0,0,1,0,-0.0541305640033123
1,0,0,1,0,1,0,0,0,0,0,0,0,0,0,0,0,0,0,1,0,0.0654360140047203
0,1,1,0,0,1,1,0,0,0,0,0,0,0,0,0,0,0,0,1,0,-0.10262699290301
0,1,1,0,0,0,1,0,0,0,0,0,0,0,0,0,0,0,0,1,0,0.377714184288734
0,1,0,1,0,0,1,0,0,0,0,0,0,0,0,0,0,0,0,1,0,0.386303772398412
0,1,1,0,0,0,0,0,0,0,0,0,0,0,0,0,0,0,0,1,0,0.497280762296766
0,1,1,0,0,0,0,0,0,0,0,0,0,0,0,0,0,0,0,1,0,0.497280762296766
0,0,0,1,0,0,1,0,0,0,0,0,0,0,0,0,0,0,0,1,0,0.888095399312719
1,0,0,1,0,0,1,0,0,0,0,0,0,0,0,0,0,0,0,1,0,0.426210613188432
1,0,0,1,0,1,0,0,1,0,0,0,0,0,0,0,0,0,0,1,0,0.385815215011041
1,0,0,1,0,0,1,0,0,0,0,0,0,0,1,0,0,1,0,1,0,0.19017423698221
0,1,1,0,0,0,0,0,0,0,0,0,0,0,1,0,0,0,0,1,0,0.404175050744868
1,0,1,0,0,0,0,0,0,0,0,1,0,0,1,0,0,0,0,1,0,0.711110871150676
0,1,0,1,0,0,0,0,0,0,0,0,0,0,0,0,0,0,0,1,0,0.505870350406445
0,1,0,0,0,0,1,0,0,0,0,0,0,0,0,0,1,0,1,1,0,0.783366436037871
0,1,1,0,0,0,0,0,0,0,0,0,0,0,0,0,0,1,0,1,0,0.354350097642443
1,0,0,1,0,1,1,0,0,0,0,0,0,0,0,0,0,0,0,1,0,-0.0541305640033123
1,0,0,1,0,0,0,0,0,0,0,0,0,0,0,0,0,0,0,1,0,0.545777191196465
1,0,1,0,0,0,0,0,0,0,0,0,0,0,0,0,0,0,0,1,0,0.537187603086786
1,0,0,0,0,0,0,0,0,0,0,0,0,0,0,0,0,0,0,1,0,0.538115213875712
0,1,0,1,0,0,1,0,0,0,0,0,0,0,0,0,0,1,0,1,0,0.243373107744089
0,1,0,1,0,0,1,0,0,0,1,0,0,0,0,0,0,1,0,1,0,-0.31152291144781
0,1,1,0,0,1,1,0,0,0,0,0,0,0,0,0,0,0,0,1,0,-0.10262699290301
1,0,1,0,0,1,0,0,0,0,0,0,0,0,0,0,0,0,0,1,0,0.056846425895042
0,1,0,1,0,1,0,0,0,0,0,0,0,0,0,0,0,1,0,1,0,-0.117401491439623
0,0,0,1,0,1,0,0,0,0,0,0,0,0,0,0,0,0,0,1,0,0.527320800129008
0,1,0,0,0,0,0,0,0,0,0,0,0,0,0,0,0,0,0,1,0,0.498208373085693
0,1,0,1,0,0,0,0,0,0,0,1,0,0,0,0,0,1,0,1,0,0.629968665367909
0,0,1,0,0,0,0,0,0,0,0,0,0,0,0,0,0,0,0,1,0,0.999072389211074
1,0,0,1,0,0,0,0,0,0,0,0,0,0,1,0,0,0,0,1,0,0.452671479644566
1,0,0,1,0,0,1,0,0,0,0,0,1,0,0,0,0,0,0,1,0,0.548991862474471
1,0,1,0,0,0,0,0,0,0,0,0,0,0,0,0,0,1,0,1,0,0.394256938432463
1,0,1,0,0,0,0,0,0,0,0,0,0,0,0,0,0,0,0,1,0,0.537187603086786
1,0,1,0,0,0,0,0,0,0,0,0,0,0,0,0,0,1,0,1,0,0.394256938432463
0,1,0,1,0,0,0,0,0,0,0,0,0,0,0,0,0,0,0,1,0,0.505870350406445
0,0,1,0,0,0,0,0,0,0,0,0,0,0,0,0,0,0,0,1,0,0.999072389211074
1,0,0,1,0,0,0,0,0,0,0,0,0,0,0,0,0,0,0,1,0,0.545777191196465
0,1,1,0,0,0,1,0,0,0,0,0,0,0,0,0,0,0,0,1,0,0.377714184288734
1,0,0,0,0,1,0,0,0,0,0,0,0,0,0,0,0,0,0,1,0,0.0577740366839683
0,1,1,0,0,1,0,0,0,0,0,0,0,0,0,0,0,0,0,1,0,0.0169395851050222
1,0,1,0,0,0,1,0,0,0,0,0,0,0,0,0,0,1,0,1,0,0.27469036042443
1,0,1,0,0,0,1,0,0,0,0,0,0,0,0,0,0,0,0,1,0,0.417621025078753
0,1,0,0,0,0,0,0,0,0,0,0,0,0,0,0,0,0,0,1,0,0.498208373085693
1,0,0,1,0,0,0,0,0,0,0,0,0,0,0,0,0,0,0,1,0,0.545777191196465
1,0,0,1,0,0,0,0,0,0,0,0,0,0,0,0,0,1,0,1,0,0.402846526542141
1,0,0,1,0,0,0,0,0,0,0,0,0,0,1,0,0,0,1,1,0,0.699290763446731
0,1,1,0,0,0,0,0,0,0,0,0,0,0,0,0,0,0,0,1,0,0.497280762296766
0,1,1,0,0,1,0,0,0,0,1,0,0,0,0,0,0,0,0,1,0,-0.537956434086876
0,0,0,1,0,0,0,0,0,0,0,0,0,0,1,0,0,0,0,1,0,0.914556265768854
0,1,1,0,0,0,1,0,0,0,0,0,0,0,0,0,0,1,0,1,0,0.23478351963441
0,1,1,0,0,1,0,0,0,0,0,0,0,0,0,0,0,1,0,1,0,-0.125991079549301
0,1,1,0,0,1,0,0,0,0,0,0,0,0,0,0,0,0,0,1,0,0.0169395851050222
0,1,0,1,0,0,0,0,0,0,0,0,0,0,1,0,1,0,0,1,0,0.570869996012594
1,0,1,0,0,0,0,0,0,0,0,1,0,0,1,0,0,0,0,1,0,0.711110871150676
1,0,1,0,0,0,0,0,0,0,0,0,0,0,0,0,0,1,0,1,0,0.394256938432463
0,1,1,0,0,0,0,0,0,0,0,0,0,1,0,0,0,0,0,1,0,0.780723939081991
0,1,1,0,0,0,0,0,0,0,0,0,0,0,0,0,0,0,0,1,0,0.497280762296766
0,1,1,0,0,0,0,0,0,0,0,0,0,0,0,0,0,1,0,1,0,0.354350097642443
0,1,0,1,0,0,0,0,0,0,0,0,0,0,0,0,0,0,0,1,0,0.505870350406445
1,0,1,0,0,0,0,0,0,0,0,0,0,0,0,0,0,0,0,1,0,0.537187603086786
1,0,0,1,0,0,0,0,0,0,0,0,0,0,0,0,0,0,0,1,0,0.545777191196465
0,0,1,0,0,0,0,0,0,0,0,0,0,0,0,0,0,0,0,1,0,0.999072389211074
0,1,0,1,0,0,0,0,0,0,0,0,0,0,0,0,1,0,0,1,0,0.663975707564492
0,1,1,0,0,1,0,0,0,0,0,0,0,0,0,0,0,0,0,1,0,0.0169395851050222
1,0,0,1,0,0,1,0,0,0,0,0,0,0,0,0,0,0,0,1,0,0.426210613188432
0,0,0,1,0,1,0,0,0,0,0,0,0,0,0,0,0,0,0,1,0,0.527320800129008
0,1,1,0,0,1,0,0,0,0,0,0,0,0,1,0,0,0,1,1,0,0.170453157355289
0,1,0,1,1,0,0,0,0,0,0,0,0,0,1,0,0,0,0,1,0,0.716496217863865
1,0,0,1,1,1,0,0,0,0,0,0,0,0,0,0,0,0,0,1,0,0.369167593014039
1,0,0,1,0,0,0,0,0,0,0,1,0,0,0,0,0,0,0,1,0,0.812806170812252
1,0,1,0,0,0,0,0,0,0,0,0,0,0,0,0,0,0,0,1,0,0.537187603086786
0,1,1,0,0,0,0,0,0,0,0,0,0,0,1,0,0,0,0,1,0,0.404175050744868
1,0,1,0,0,0,0,0,0,0,0,0,0,0,0,0,0,0,0,1,0,0.537187603086786
1,0,1,0,0,0,0,0,0,0,0,0,0,1,0,0,0,0,0,1,0,0.820630779872011
0,0,1,0,0,1,1,0,0,0,0,0,0,0,0,0,0,0,0,1,0,0.399164634011297
1,0,1,0,0,1,0,0,0,0,0,0,0,0,0,0,0,0,0,1,0,0.056846425895042
0,1,0,0,0,0,0,0,0,0,0,0,0,0,0,0,0,0,0,1,0,0.498208373085693
1,0,1,0,0,0,0,0,0,0,0,0,0,0,0,0,0,0,0,1,0,0.537187603086786
0,0,0,1,0,0,0,0,0,0,0,0,0,0,1,0,1,0,0,1,0,1.0726616229269
0,1,0,1,0,0,0,0,0,0,0,0,0,0,0,0,0,0,0,1,0,0.505870350406445
1,0,0,1,0,0,0,0,0,0,0,0,0,0,0,0,0,0,0,1,0,0.545777191196465
1,0,0,0,0,1,0,0,0,0,0,0,0,0,1,0,0,1,0,1,0,-0.178262339522253
0,1,0,0,0,1,0,0,0,0,0,0,0,0,0,0,0,0,0,1,0,0.0178671958939486
0,0,1,0,0,0,0,0,0,0,0,0,0,0,0,0,0,0,0,1,0,0.999072389211074
1,0,1,0,0,0,1,0,0,0,0,1,0,0,1,0,0,0,0,1,0,0.591544293142643
0,1,1,0,0,0,0,0,0,0,0,0,0,0,0,0,0,0,0,1,0,0.497280762296766
1,0,1,0,0,0,0,0,0,0,0,0,0,1,0,0,0,0,0,1,0,0.820630779872011
1,0,0,1,0,0,0,0,0,0,0,0,0,0,0,0,0,0,0,1,0,0.545777191196465
1,0,1,0,0,0,0,0,0,0,0,0,0,0,0,0,0,0,0,1,0,0.537187603086786
1,0,1,0,0,0,0,0,0,0,0,0,0,1,0,0,0,0,0,1,0,0.820630779872011
0,1,1,0,0,1,0,0,0,0,0,0,0,0,0,0,0,0,0,1,0,0.0169395851050222
1,0,1,0,0,0,0,0,0,0,0,0,0,0,0,0,1,0,0,1,0,0.695292960244833
0,1,0,1,0,0,0,0,0,0,0,0,0,0,0,0,0,0,0,1,0,0.505870350406445
0,1,1,0,0,0,0,0,0,0,0,0,0,1,0,0,0,1,0,1,0,0.637793274427668
0,1,0,1,0,1,0,0,0,0,0,0,0,0,0,0,0,0,0,1,0,0.0255291732147006
1,0,1,0,0,1,0,0,0,0,0,0,0,0,0,0,0,1,0,1,0,-0.0860842387592813
0,1,0,1,0,0,0,0,0,0,0,0,0,0,0,0,0,0,0,1,0,0.505870350406445
0,1,1,0,0,0,0,0,0,0,0,0,0,0,0,0,0,0,0,1,0,0.497280762296766
1,0,1,0,0,0,0,0,0,0,0,0,0,0,0,0,0,0,0,1,0,0.537187603086786
1,0,0,1,0,1,0,0,0,0,0,0,0,0,0,0,0,0,0,1,0,0.0654360140047203
0,1,0,1,0,0,0,0,0,0,0,0,0,0,0,0,0,0,0,1,0,0.505870350406445
0,1,0,1,0,0,0,0,0,0,0,0,0,0,0,0,0,1,0,1,0,0.362939685752122
0,0,0,1,0,0,1,0,0,0,0,0,0,0,0,0,0,1,0,1,0,0.745164734658396
0,1,0,1,0,0,0,0,0,0,0,0,0,0,1,0,0,0,0,1,0,0.412764638854547
1,0,1,0,0,1,1,0,0,0,0,0,0,0,0,0,0,0,0,1,0,-0.0627201521129908
0,0,1,0,0,1,0,0,0,0,0,0,0,1,0,0,0,0,0,1,0,0.802174388804554
1,0,1,0,0,0,0,0,0,0,0,0,0,0,0,0,0,0,0,1,0,0.537187603086786
1,0,1,0,0,0,1,0,0,0,0,0,0,0,0,0,0,0,0,1,0,0.417621025078753
0,1,1,0,0,1,0,0,0,0,0,0,0,0,0,0,0,0,1,1,0,0.263558868907187
0,1,0,1,0,1,0,0,0,0,0,0,0,0,0,1,0,0,0,1,0,-0.265959645279664
0,0,1,0,0,0,0,0,0,0,0,0,0,0,0,0,0,0,0,1,0,0.999072389211074
0,1,1,0,0,0,1,0,0,0,0,0,0,0,0,0,0,0,0,1,0,0.377714184288734
1,0,1,0,0,0,0,0,0,0,0,0,0,0,0,0,0,0,0,1,0,0.537187603086786
0,0,0,0,0,0,0,0,1,0,0,0,0,0,0,0,0,1,0,1,0,1.177448536352
1,0,0,1,0,0,0,0,0,0,0,0,0,0,0,0,0,0,0,1,0,0.545777191196465
1,0,0,1,0,1,1,0,0,0,0,0,0,0,0,0,0,0,0,1,0,-0.0541305640033123
1,0,1,0,0,0,0,0,0,0,0,0,0,0,0,0,0,0,0,1,0,0.537187603086786
0,1,1,0,0,0,1,0,0,0,0,0,0,0,1,0,0,1,1,1,0,0.388297091884677
0,1,0,1,0,0,1,0,0,0,0,0,0,0,1,0,0,0,0,1,0,0.293198060846514
0,1,0,1,0,1,0,0,0,0,0,0,0,0,0,0,0,0,0,1,0,0.0255291732147006
1,0,0,1,0,0,1,0,0,0,0,0,0,0,0,0,0,0,0,1,0,0.426210613188432
1,0,1,0,0,0,0,0,0,0,0,0,0,0,0,0,0,0,0,1,0,0.537187603086786
0,1,1,0,0,0,0,0,0,0,0,0,0,1,0,0,0,0,1,1,0,1.02734322288416
1,0,0,1,0,0,0,0,0,0,0,0,0,0,1,0,0,0,0,1,0,0.452671479644566
0,1,0,1,0,0,0,0,0,0,0,0,0,0,0,0,0,0,0,1,0,0.505870350406445
1,0,1,0,0,0,0,0,0,0,0,1,0,0,0,0,0,0,0,1,0,0.804216582702574
0,1,1,0,0,0,0,0,0,0,0,0,0,0,1,0,0,0,1,1,0,0.650794334547033
1,0,0,1,0,0,0,0,0,0,0,0,0,0,0,0,0,0,0,1,0,0.545777191196465
1,0,0,1,0,0,0,0,0,0,0,0,0,0,1,0,0,1,0,1,0,0.309740814990243
0,1,0,1,1,0,0,0,0,0,0,0,0,0,0,0,0,0,0,1,0,0.809601929415763
1,0,0,1,0,0,0,0,0,0,0,0,0,0,1,0,0,0,0,1,0,0.452671479644566
1,0,0,1,0,1,0,0,0,0,0,0,0,0,0,0,0,1,0,1,0,-0.0774946506496028
1,0,0,1,0,0,0,0,0,0,0,0,0,0,0,0,0,0,1,1,0,0.792396474998629
1,0,0,1,0,0,0,0,0,0,0,0,0,0,1,0,0,1,0,1,0,0.309740814990243
1,0,0,1,0,0,0,0,0,0,0,0,0,0,0,0,0,1,0,1,0,0.402846526542141
1,0,1,0,0,0,0,0,0,0,0,0,0,0,0,0,0,0,0,1,0,0.537187603086786
1,0,1,0,0,0,0,0,0,0,0,0,0,0,0,0,0,0,0,1,0,0.537187603086786
0,1,1,0,0,0,0,0,0,0,0,0,0,0,1,0,0,1,0,1,0,0.261244386090545
1,0,1,0,0,1,0,0,0,0,0,0,1,0,0,0,0,1,0,1,0,0.0366970105267581
0,1,1,0,0,0,0,0,0,0,0,0,0,0,0,0,0,0,0,1,0,0.497280762296766
0,1,0,1,0,0,0,0,0,0,0,0,0,0,0,0,0,0,0,1,0,0.505870350406445
0,1,0,0,0,1,0,0,0,0,0,0,0,0,0,1,0,0,0,1,0,-0.273621622600416
0,0,0,1,0,0,0,0,0,0,0,0,0,0,0,0,0,1,0,1,0,0.864731312666429
0,1,0,1,0,0,0,0,0,0,0,0,0,0,0,0,0,1,0,1,0,0.362939685752122
1,0,1,0,0,1,1,0,0,0,0,0,0,0,0,0,0,0,0,1,0,-0.0627201521129908
0,1,1,0,0,0,1,0,0,0,0,0,0,0,0,0,0,0,0,1,0,0.377714184288734
0,1,0,1,0,0,0,0,0,0,0,0,0,0,1,0,0,1,0,1,0,0.269833974200223
0,1,0,1,1,0,0,0,0,0,1,0,0,0,0,0,0,0,0,1,0,0.254705910223865
0,1,1,0,0,0,0,0,0,0,0,0,0,0,0,0,0,1,0,1,0,0.354350097642443
0,1,0,1,0,0,0,0,0,0,0,0,0,0,0,0,0,0,0,1,0,0.505870350406445
1,0,0,1,0,0,0,0,0,0,0,0,0,0,0,0,0,0,0,1,0,0.545777191196465
0,1,0,1,0,1,0,0,0,0,0,0,0,0,0,0,0,0,0,1,0,0.0255291732147006
0,1,1,0,0,0,1,0,0,0,0,0,0,0,0,0,0,0,0,1,0,0.377714184288734
0,1,1,0,0,1,0,0,0,0,0,0,0,0,0,0,0,0,0,1,0,0.0169395851050222
0,1,1,0,0,0,0,0,0,0,0,0,0,0,0,0,0,0,0,1,0,0.497280762296766
0,1,1,0,0,0,0,0,0,0,0,0,0,0,0,0,0,0,0,1,0,0.497280762296766
1,0,0,1,0,0,0,0,0,0,0,0,0,0,0,1,0,1,0,1,0,0.111357708047776
1,0,0,1,0,0,0,0,0,0,0,0,0,1,0,0,0,0,0,1,0,0.829220367981689
0,1,1,0,0,0,1,0,0,0,0,0,0,0,0,0,0,1,0,1,0,0.23478351963441
1,0,1,0,0,0,0,0,0,0,0,0,0,0,0,0,1,0,0,1,0,0.695292960244833
0,1,1,0,0,0,1,0,0,0,0,0,0,0,0,0,0,1,0,1,0,0.23478351963441
0,1,0,1,0,1,0,0,0,0,0,0,0,0,1,0,0,0,0,1,0,-0.0675765383371973
0,1,0,1,0,1,1,0,0,0,0,0,0,0,0,0,0,1,0,1,0,-0.236968069447655
1,0,1,0,0,0,1,0,0,0,0,0,0,0,1,0,0,0,0,1,0,0.324515313526855
0,0,0,1,0,0,1,0,0,0,0,0,0,0,0,0,0,0,0,1,0,0.888095399312719
0,0,1,0,0,0,0,0,0,0,0,0,0,0,1,0,0,0,0,1,0,0.905966677659176
1,0,0,0,0,1,0,0,0,0,0,0,0,0,0,0,0,0,0,1,0,0.0577740366839683
1,0,0,1,0,0,0,0,0,0,0,0,0,0,0,0,0,0,0,1,0,0.545777191196465
0,1,0,1,0,0,0,0,0,0,0,0,0,0,0,0,0,0,0,1,0,0.505870350406445
0,1,0,1,0,0,0,0,0,0,0,0,0,0,0,0,0,0,0,1,0,0.505870350406445
0,1,1,0,0,0,0,0,0,0,0,0,0,0,0,0,0,1,1,1,0,0.600969381444608
0,0,1,0,0,1,1,0,0,0,0,0,0,0,0,0,0,0,0,1,0,0.399164634011297
1,0,1,0,0,1,0,0,0,0,0,0,0,0,0,0,0,0,0,1,0,0.056846425895042
0,1,0,1,0,0,0,0,0,0,0,0,0,0,0,0,0,0,0,1,0,0.505870350406445
0,1,0,1,0,0,0,0,0,0,0,0,0,0,0,0,0,0,0,1,0,0.505870350406445
1,0,1,0,0,1,1,0,0,0,0,1,0,0,0,0,0,0,0,1,0,0.204308827502797
1,0,0,1,0,1,0,0,1,0,0,0,0,0,0,0,0,0,0,1,0,0.385815215011041
1,0,0,1,0,0,1,0,0,0,0,0,0,0,0,0,0,0,0,1,0,0.426210613188432
0,1,0,1,0,0,0,0,0,0,0,0,0,0,0,0,0,0,0,1,0,0.505870350406445
0,1,1,0,0,0,0,0,0,0,0,0,0,0,0,0,0,0,0,1,0,0.497280762296766
1,0,1,0,0,0,0,0,0,0,0,0,0,0,0,0,0,0,0,1,0,0.537187603086786
1,0,1,0,0,0,0,0,0,0,0,0,0,0,1,0,0,0,0,1,0,0.444081891534888
0,1,0,0,0,0,0,0,0,0,0,0,0,0,0,0,0,1,0,1,0,0.35527770843137
0,1,0,1,0,1,0,0,0,0,0,0,0,0,0,0,0,0,0,1,0,0.0255291732147006
1,0,1,0,0,0,1,0,0,0,0,0,0,0,0,0,0,0,0,1,0,0.417621025078753
0,0,1,0,0,0,0,0,0,0,0,0,0,0,0,0,0,1,0,1,0,0.85614172455675
1,0,1,0,0,0,1,0,0,0,0,0,0,0,0,0,0,0,1,1,0,0.664240308880918
1,0,1,0,0,0,0,0,0,0,0,0,0,0,0,0,0,0,0,1,0,0.537187603086786
1,0,1,0,0,0,1,0,0,0,0,0,0,0,0,0,0,0,0,1,0,0.417621025078753
1,0,1,0,0,1,0,0,0,0,0,0,0,0,0,0,0,0,0,1,0,0.056846425895042
1,0,0,1,0,1,0,0,0,0,0,0,0,0,1,0,0,0,0,1,0,-0.0276696975471777
1,0,0,0,0,0,1,0,0,0,0,0,0,0,1,0,0,1,0,1,0,0.182512259661458
1,0,0,1,0,0,0,0,0,0,0,0,0,0,0,0,0,1,0,1,0,0.402846526542141
1,0,1,0,0,0,0,0,0,0,0,0,0,0,0,0,0,0,0,1,0,0.537187603086786
0,1,0,1,0,0,0,0,0,0,0,0,0,0,0,0,0,1,0,1,0,0.362939685752122
0,0,0,1,1,0,0,0,1,0,0,0,0,0,0,0,0,0,0,1,0,1.63177275733639
1,0,0,1,0,0,0,0,0,0,0,1,0,0,0,0,0,0,0,1,0,0.812806170812252
1,0,1,0,0,0,1,0,0,0,0,0,0,0,1,0,0,0,0,1,0,0.324515313526855
1,0,0,1,0,0,1,0,0,0,0,0,0,1,0,0,0,0,1,1,0,0.956273073775821
0,1,0,1,0,0,0,0,0,0,0,0,0,0,0,0,0,0,0,1,0,0.505870350406445
1,0,0,0,0,1,0,0,0,0,0,0,0,0,0,0,0,0,0,1,0,0.0577740366839683
0,1,0,1,0,0,0,0,0,0,0,0,0,0,0,0,0,0,0,1,0,0.505870350406445
0,0,1,0,0,1,0,0,0,0,0,0,0,0,0,0,0,1,0,1,0,0.375800547365006
0,1,0,0,0,0,0,0,1,0,0,0,0,0,0,0,0,0,0,1,0,0.818587574092014
0,1,1,0,0,0,1,0,0,0,0,1,0,0,0,0,0,1,0,1,0,0.501812499250198
0,1,0,1,0,0,0,0,0,0,0,0,0,0,0,0,0,0,0,1,0,0.505870350406445
0,1,0,0,0,1,0,0,0,0,0,0,0,0,0,0,0,0,0,1,0,0.0178671958939486
1,0,0,1,0,0,0,0,0,0,0,0,0,0,1,0,0,0,0,1,0,0.452671479644566
1,0,0,0,0,0,1,0,0,0,0,1,0,0,0,0,0,0,0,1,0,0.685577615483467
1,0,0,1,0,0,1,0,0,0,0,0,0,0,1,0,0,0,0,1,0,0.333104901636534
1,0,0,1,0,0,0,0,0,0,0,0,0,0,0,0,0,0,0,1,0,0.545777191196465
1,0,1,0,0,1,0,0,0,0,0,0,0,0,0,0,0,0,0,1,0,0.056846425895042
1,0,0,1,0,0,0,0,0,0,0,0,0,0,0,0,0,0,0,1,0,0.545777191196465
1,0,0,1,0,0,0,0,0,0,0,0,0,0,0,0,0,1,0,1,0,0.402846526542141
0,1,0,1,0,0,0,0,0,0,0,0,0,0,0,0,0,0,0,1,0,0.505870350406445
0,1,0,1,0,1,0,0,0,0,0,0,0,0,1,0,0,0,0,1,0,-0.0675765383371973
0,1,0,1,0,0,1,0,0,0,0,0,0,0,0,0,1,0,0,1,0,0.544409129556459
1,0,1,0,0,0,0,0,0,1,0,0,0,0,0,0,0,1,0,1,0,0.494106770257515
0,0,1,0,1,1,0,0,0,0,0,0,0,0,0,0,0,0,0,1,0,0.822462791028648
0,1,0,1,0,0,1,0,0,0,0,0,0,0,0,0,0,0,0,1,0,0.386303772398412
1,0,1,0,0,0,0,0,0,0,0,0,0,0,0,0,0,0,0,1,0,0.537187603086786
0,1,1,0,0,1,0,0,0,0,0,0,0,0,1,0,0,1,0,1,0,-0.219096791101199
0,0,1,0,0,1,0,0,0,0,0,0,0,0,0,0,0,1,0,1,0,0.375800547365006
1,0,0,1,0,0,0,0,0,0,0,0,0,0,0,0,0,0,0,1,0,0.545777191196465
1,0,0,1,0,0,0,0,0,0,0,0,0,0,1,0,0,0,0,1,0,0.452671479644566
1,0,1,0,0,1,0,0,0,0,0,0,0,0,1,0,0,0,0,1,0,-0.0362592856568562
0,1,1,0,0,1,1,0,0,0,0,0,0,0,0,0,0,0,0,1,0,-0.10262699290301
1,0,1,0,0,0,1,0,0,0,0,0,0,0,0,0,0,1,0,1,0,0.27469036042443
0,1,0,1,0,0,1,0,0,0,0,0,0,0,1,0,0,0,0,1,0,0.293198060846514
0,0,1,0,0,0,0,0,0,0,0,0,0,0,0,0,0,0,0,1,0,0.999072389211074
0,0,1,0,0,0,0,0,0,0,0,0,0,0,0,0,0,0,0,1,0,0.999072389211074
1,0,1,0,0,0,0,0,0,0,0,0,0,0,0,0,0,1,0,1,0,0.394256938432463
0,1,0,0,0,0,0,0,0,0,0,0,0,0,0,0,0,0,0,1,0,0.498208373085693
0,1,1,0,0,1,0,0,0,0,0,0,0,0,0,0,0,0,0,1,0,0.0169395851050222
0,1,0,0,0,0,0,0,0,0,0,0,0,0,0,0,0,0,0,1,0,0.498208373085693
0,1,0,1,0,0,0,0,0,0,0,0,0,0,1,0,0,0,0,1,0,0.412764638854547
1,0,1,0,0,0,0,0,0,0,0,0,0,0,0,0,0,0,0,1,0,0.537187603086786
0,0,1,0,0,0,0,0,0,0,0,0,0,0,0,0,0,0,0,1,0,0.999072389211074
0,1,0,1,0,1,0,0,0,0,0,0,0,0,1,0,0,1,0,1,0,-0.210507202991521
1,0,0,1,0,0,1,0,0,0,0,0,0,0,0,0,0,0,0,1,0,0.426210613188432
1,0,1,0,0,0,1,0,0,0,0,0,0,0,0,0,0,1,0,1,0,0.27469036042443
0,1,0,0,0,0,1,0,0,0,0,0,0,0,0,0,1,0,0,1,0,0.536747152235707
1,0,0,1,0,0,0,0,0,0,0,0,0,0,0,0,0,0,0,1,0,0.545777191196465
0,1,1,0,0,0,0,0,0,0,0,0,0,0,0,1,0,0,0,1,0,0.205791943802401
0,1,1,0,0,0,0,0,0,0,0,0,0,0,0,0,0,0,0,1,0,0.497280762296766
0,1,0,1,0,1,0,0,0,0,0,0,0,0,1,0,0,0,0,1,0,-0.0675765383371973
1,0,1,0,0,0,0,0,0,0,0,0,0,0,0,0,0,0,0,1,0,0.537187603086786
0,1,1,0,0,0,0,0,0,0,0,0,0,0,0,0,0,1,0,1,0,0.354350097642443
0,0,0,1,0,0,0,0,0,0,0,0,0,0,0,0,0,1,0,1,0,0.864731312666429
0,0,1,0,0,0,0,0,0,0,0,0,0,0,0,0,0,0,0,1,0,0.999072389211074
1,0,0,1,0,0,0,0,0,0,0,0,1,1,0,0,0,0,0,1,0,0.952001617267728
0,1,1,0,0,0,0,0,0,0,0,0,0,0,0,0,1,0,0,1,0,0.655386119454813
1,0,0,0,0,1,0,0,0,0,0,0,0,0,1,0,0,1,0,1,0,-0.178262339522253
0,1,0,0,0,0,0,0,0,0,0,0,0,0,0,0,0,0,0,1,0,0.498208373085693
0,1,0,1,0,0,0,0,0,0,0,0,0,0,0,0,1,0,0,1,0,0.663975707564492
1,0,0,1,0,0,0,0,0,0,0,0,0,0,0,0,0,0,0,1,0,0.545777191196465
0,1,0,1,0,0,0,0,0,0,0,0,0,0,0,0,0,0,0,1,0,0.505870350406445
1,0,0,1,0,0,0,0,0,0,0,0,0,0,0,0,0,0,0,1,0,0.545777191196465
0,1,1,0,0,0,0,0,0,0,0,0,0,0,0,0,1,0,0,1,0,0.655386119454813
1,0,1,0,0,0,0,0,0,0,0,0,0,0,0,0,0,1,0,1,0,0.394256938432463
1,0,1,0,0,0,1,0,0,0,0,0,0,0,0,0,0,0,0,1,0,0.417621025078753
0,1,0,1,0,1,0,0,1,0,0,0,0,0,0,0,0,0,0,1,0,0.345908374221022
0,0,0,0,0,1,1,0,1,0,0,0,0,0,1,0,0,1,0,1,0,0.484435069600323
0,0,1,0,0,0,0,0,0,0,0,1,0,0,0,0,0,0,0,1,0,1.26610136882686
1,0,1,0,0,0,0,0,0,0,0,0,0,0,0,0,0,0,0,1,0,0.537187603086786
1,0,1,0,0,0,1,0,0,0,0,0,1,0,0,0,0,0,0,1,0,0.540402274364793
1,0,0,1,0,0,0,0,0,0,0,0,0,0,0,0,0,0,0,1,0,0.545777191196465
0,1,0,1,0,0,0,0,0,0,0,0,0,0,0,0,0,0,0,1,0,0.505870350406445
1,0,1,0,0,0,1,0,0,0,0,0,0,0,0,0,0,0,0,1,0,0.417621025078753
0,0,1,0,0,0,0,0,0,0,0,0,0,0,0,0,0,0,0,1,0,0.999072389211074
1,0,0,1,0,0,0,0,0,0,0,1,0,0,0,0,0,0,1,1,0,1.05942545461442
